# Generated from the approved Charon statue B; positions are in blocks.
mtllib kingdoms:models/block/charon_statue/charon_statue.mtl
s off
usemtl stone
v 0.50000000 0.00000000 1.00000000
vt 0.86107017 0.27539062
vn 1.00000000 0.00000000 0.00000000
v 0.50000000 0.00000000 0.90750000
vt 0.86679688 0.27539062
vn 1.00000000 0.00000000 0.00000000
v 0.50000000 0.09375000 0.77500001
vt 0.87500000 0.26953125
vn 1.00000000 0.00000000 0.00000000
f 1/1/1 2/2/2 3/3/3
v 0.50000000 0.00000000 1.00000000
vt 0.86107017 0.27539062
vn 1.00000000 0.00000000 0.00000000
v 0.50000000 0.09375000 0.77500001
vt 0.87500000 0.26953125
vn 1.00000000 0.00000000 0.00000000
v 0.50000000 0.09375000 1.00000000
vt 0.86107017 0.26953125
vn 1.00000000 0.00000000 0.00000000
f 4/4/4 5/5/5 6/6/6
v 0.50000000 0.00000000 0.77500001
vt 0.87500000 0.27539062
vn 1.00000000 0.00000000 0.00000000
v 0.50000000 0.09375000 0.77500001
vt 0.87500000 0.26953125
vn 1.00000000 0.00000000 0.00000000
v 0.50000000 0.00000000 0.90750000
vt 0.86679688 0.27539062
vn 1.00000000 0.00000000 0.00000000
f 7/7/7 8/8/8 9/9/9
v 0.15825471 0.09375000 1.00000000
vt 0.29713296 0.23267983
vn 0.00000000 1.00000000 0.00000000
v 0.50000000 0.09375000 0.77500001
vt 0.31835938 0.21875000
vn 0.00000000 1.00000000 0.00000000
v 0.00000000 0.09375000 0.77500001
vt 0.28730348 0.21875000
vn 0.00000000 1.00000000 0.00000000
f 10/10/10 11/11/11 12/12/12
v 0.15825471 0.09375000 1.00000000
vt 0.29713296 0.23267983
vn 0.00000000 1.00000000 0.00000000
v 0.00000000 0.09375000 0.77500001
vt 0.28730348 0.21875000
vn 0.00000000 1.00000000 0.00000000
v 0.00000000 0.09375000 1.00000000
vt 0.28730348 0.23267983
vn 0.00000000 1.00000000 0.00000000
f 13/13/13 14/14/14 15/15/15
v 0.50000000 0.09375000 1.00000000
vt 0.31835938 0.23267983
vn 0.00000000 1.00000000 0.00000000
v 0.50000000 0.09375000 0.77500001
vt 0.31835938 0.21875000
vn 0.00000000 1.00000000 0.00000000
v 0.15825471 0.09375000 1.00000000
vt 0.29713296 0.23267983
vn 0.00000000 1.00000000 0.00000000
f 16/16/16 17/17/17 18/18/18
v 0.50000000 0.09375000 0.77500001
vt 0.47851562 0.26953125
vn 0.00000000 0.00000000 -1.00000000
v 0.50000000 0.00000000 0.77500001
vt 0.47851562 0.27539062
vn 0.00000000 0.00000000 -1.00000000
v 0.00000000 0.00000000 0.77500001
vt 0.50957152 0.27539062
vn 0.00000000 0.00000000 -1.00000000
f 19/19/19 20/20/20 21/21/21
v 0.50000000 0.09375000 0.77500001
vt 0.47851562 0.26953125
vn 0.00000000 0.00000000 -1.00000000
v 0.00000000 0.00000000 0.77500001
vt 0.50957152 0.27539062
vn 0.00000000 0.00000000 -1.00000000
v 0.00000000 0.09375000 0.77500001
vt 0.50957152 0.26953125
vn 0.00000000 0.00000000 -1.00000000
f 22/22/22 23/23/23 24/24/24
v 0.01935198 0.00087792 0.69062500
vt 0.71289062 0.00195312
vn 0.99984770 0.01745241 0.00000000
v 0.01936730 0.00000000 0.69062500
vt 0.71289062 0.00200851
vn 0.99984770 0.01745241 0.00000000
v 0.01936730 0.00000000 0.57507451
vt 0.72069809 0.00200851
vn 0.99984770 0.01745241 0.00000000
f 25/25/25 26/26/26 27/27/27
v 0.01935198 0.00087792 0.69062500
vt 0.71289062 0.00195312
vn 0.99984770 0.01745241 0.00000000
v 0.01936730 0.00000000 0.57507451
vt 0.72069809 0.00200851
vn 0.99984770 0.01745241 0.00000000
v 0.01935198 0.00087792 0.57500000
vt 0.72070312 0.00195312
vn 0.99984770 0.01745241 0.00000000
f 28/28/28 29/29/29 30/30/30
v 0.00000000 0.00054013 0.59489256
vt 0.18029653 0.43298472
vn -0.01745241 0.99984770 0.00000000
v 0.01935198 0.00087792 0.57500000
vt 0.18164062 0.43164062
vn -0.01745241 0.99984770 0.00000000
v 0.00000000 0.00054013 0.57500000
vt 0.18029653 0.43164062
vn -0.01745241 0.99984770 0.00000000
f 31/31/31 32/32/32 33/33/33
v 0.00000000 0.00054013 0.69062500
vt 0.18029653 0.43945312
vn -0.01745241 0.99984770 0.00000000
v 0.01935198 0.00087792 0.69062500
vt 0.18164062 0.43945312
vn -0.01745241 0.99984770 0.00000000
v 0.01935198 0.00087792 0.57500000
vt 0.18164062 0.43164062
vn -0.01745241 0.99984770 0.00000000
f 34/34/34 35/35/35 36/36/36
v 0.00000000 0.00054013 0.69062500
vt 0.18029653 0.43945312
vn -0.01745241 0.99984770 0.00000000
v 0.01935198 0.00087792 0.57500000
vt 0.18164062 0.43164062
vn -0.01745241 0.99984770 0.00000000
v 0.00000000 0.00054013 0.59489256
vt 0.18029653 0.43298472
vn -0.01745241 0.99984770 0.00000000
f 37/37/37 38/38/38 39/39/39
v 0.01929490 0.00000000 0.69062500
vt 0.70897935 0.00200843
vn 0.00000000 0.00000000 1.00000000
v 0.01935198 0.00087792 0.69062500
vt 0.70898438 0.00195312
vn 0.00000000 0.00000000 1.00000000
v 0.00000000 0.00054013 0.69062500
vt 0.70764028 0.00195312
vn 0.00000000 0.00000000 1.00000000
f 40/40/40 41/41/41 42/42/42
v 0.01929490 0.00000000 0.69062500
vt 0.70897935 0.00200843
vn 0.00000000 0.00000000 1.00000000
v 0.00000000 0.00054013 0.69062500
vt 0.70764028 0.00195312
vn 0.00000000 0.00000000 1.00000000
v 0.00000000 0.00000000 0.69062500
vt 0.70763963 0.00198719
vn 0.00000000 0.00000000 1.00000000
f 43/43/43 44/44/44 45/45/45
v 0.01935198 0.00087792 0.57500000
vt 0.68945312 0.00195312
vn 0.00000000 0.00000000 -1.00000000
v 0.01936730 0.00000000 0.57500000
vt 0.68945312 0.00200851
vn 0.00000000 0.00000000 -1.00000000
v 0.00000000 0.00000000 0.57500000
vt 0.69079787 0.00198719
vn 0.00000000 0.00000000 -1.00000000
f 46/46/46 47/47/47 48/48/48
v 0.01935198 0.00087792 0.57500000
vt 0.68945312 0.00195312
vn 0.00000000 0.00000000 -1.00000000
v 0.00000000 0.00000000 0.57500000
vt 0.69079787 0.00198719
vn 0.00000000 0.00000000 -1.00000000
v 0.00000000 0.00054013 0.57500000
vt 0.69079722 0.00195312
vn 0.00000000 0.00000000 -1.00000000
f 49/49/49 50/50/50 51/51/51
v 0.51249999 0.23282967 1.00000000
vt 0.22658396 0.36435440
vn 1.00000000 0.00000000 0.00000000
v 0.51249999 0.25000000 0.96875000
vt 0.22851562 0.36328125
vn 1.00000000 0.00000000 0.00000000
v 0.51249999 0.25000000 1.00000000
vt 0.22658396 0.36328125
vn 1.00000000 0.00000000 0.00000000
f 52/52/52 53/53/53 54/54/54
v 0.51249999 0.00000000 0.96875000
vt 0.22851562 0.37890625
vn 1.00000000 0.00000000 0.00000000
v 0.51249999 0.25000000 0.96875000
vt 0.22851562 0.36328125
vn 1.00000000 0.00000000 0.00000000
v 0.51249999 0.23282967 1.00000000
vt 0.22658396 0.36435440
vn 1.00000000 0.00000000 0.00000000
f 55/55/55 56/56/56 57/57/57
v 0.51249999 0.00000000 0.96875000
vt 0.22851562 0.37890625
vn 1.00000000 0.00000000 0.00000000
v 0.51249999 0.23282967 1.00000000
vt 0.22658396 0.36435440
vn 1.00000000 0.00000000 0.00000000
v 0.51249999 0.00000000 1.00000000
vt 0.22658396 0.37890625
vn 1.00000000 0.00000000 0.00000000
f 58/58/58 59/59/59 60/60/60
v 0.45377747 0.25000000 1.00000000
vt 0.74049193 0.22068166
vn 0.00000000 1.00000000 0.00000000
v 0.51249999 0.25000000 0.96875000
vt 0.74414062 0.21875000
vn 0.00000000 1.00000000 0.00000000
v 0.00000000 0.25000000 0.96875000
vt 0.71229669 0.21875000
vn 0.00000000 1.00000000 0.00000000
f 61/61/61 62/62/62 63/63/63
v 0.45377747 0.25000000 1.00000000
vt 0.74049193 0.22068166
vn 0.00000000 1.00000000 0.00000000
v 0.00000000 0.25000000 0.96875000
vt 0.71229669 0.21875000
vn 0.00000000 1.00000000 0.00000000
v 0.00000000 0.25000000 1.00000000
vt 0.71229669 0.22068166
vn 0.00000000 1.00000000 0.00000000
f 64/64/64 65/65/65 66/66/66
v 0.51249999 0.25000000 1.00000000
vt 0.74414062 0.22068166
vn 0.00000000 1.00000000 0.00000000
v 0.51249999 0.25000000 0.96875000
vt 0.74414062 0.21875000
vn 0.00000000 1.00000000 0.00000000
v 0.45377747 0.25000000 1.00000000
vt 0.74049193 0.22068166
vn 0.00000000 1.00000000 0.00000000
f 67/67/67 68/68/68 69/69/69
v 0.51249999 0.25000000 0.96875000
vt 0.61718750 0.33789062
vn 0.00000000 0.00000000 -1.00000000
v 0.51249999 0.00000000 0.96875000
vt 0.61718750 0.35351562
vn 0.00000000 0.00000000 -1.00000000
v 0.29875000 0.00000000 0.96875000
vt 0.63046875 0.35351562
vn 0.00000000 0.00000000 -1.00000000
f 70/70/70 71/71/71 72/72/72
v 0.51249999 0.25000000 0.96875000
vt 0.61718750 0.33789062
vn 0.00000000 0.00000000 -1.00000000
v 0.29875000 0.00000000 0.96875000
vt 0.63046875 0.35351562
vn 0.00000000 0.00000000 -1.00000000
v 0.00000000 0.08735380 0.96875000
vt 0.64903143 0.34805601
vn 0.00000000 0.00000000 -1.00000000
f 73/73/73 74/74/74 75/75/75
v 0.51249999 0.25000000 0.96875000
vt 0.61718750 0.33789062
vn 0.00000000 0.00000000 -1.00000000
v 0.00000000 0.08735380 0.96875000
vt 0.64903143 0.34805601
vn 0.00000000 0.00000000 -1.00000000
v 0.00000000 0.25000000 0.96875000
vt 0.64903143 0.33789062
vn 0.00000000 0.00000000 -1.00000000
f 76/76/76 77/77/77 78/78/78
v 0.00000000 0.00000000 0.96875000
vt 0.64903143 0.35351562
vn 0.00000000 0.00000000 -1.00000000
v 0.00000000 0.08735380 0.96875000
vt 0.64903143 0.34805601
vn 0.00000000 0.00000000 -1.00000000
v 0.29875000 0.00000000 0.96875000
vt 0.63046875 0.35351562
vn 0.00000000 0.00000000 -1.00000000
f 79/79/79 80/80/80 81/81/81
v 0.66679102 0.08988560 1.00000000
vt 0.12993915 0.37022987
vn 0.97437006 0.22495105 0.00000000
v 0.64278182 0.19388087 0.76875001
vt 0.14453125 0.36328125
vn 0.97437006 0.22495105 0.00000000
v 0.64278182 0.19388087 1.00000000
vt 0.12993915 0.36328125
vn 0.97437006 0.22495105 0.00000000
f 82/82/82 83/83/83 84/84/84
v 0.68754275 0.00000000 0.76875001
vt 0.14453125 0.37623572
vn 0.97437006 0.22495105 0.00000000
v 0.64278182 0.19388087 0.76875001
vt 0.14453125 0.36328125
vn 0.97437006 0.22495105 0.00000000
v 0.66679102 0.08988560 1.00000000
vt 0.12993915 0.37022987
vn 0.97437006 0.22495105 0.00000000
f 85/85/85 86/86/86 87/87/87
v 0.68754275 0.00000000 0.76875001
vt 0.14453125 0.37623572
vn 0.97437006 0.22495105 0.00000000
v 0.66679102 0.08988560 1.00000000
vt 0.12993915 0.37022987
vn 0.97437006 0.22495105 0.00000000
v 0.68754275 0.00000000 1.00000000
vt 0.12993915 0.37623572
vn 0.97437006 0.22495105 0.00000000
f 88/88/88 89/89/89 90/90/90
v 0.28348286 0.11093016 0.76875001
vt 0.14843750 0.36328125
vn -0.97437006 -0.22495105 0.00000000
v 0.30909310 0.00000000 0.76875001
vt 0.14843750 0.37069323
vn -0.97437006 -0.22495105 0.00000000
v 0.30909310 0.00000000 1.00000000
vt 0.16302960 0.37069323
vn -0.97437006 -0.22495105 0.00000000
f 91/91/91 92/92/92 93/93/93
v 0.28348286 0.11093016 0.76875001
vt 0.14843750 0.36328125
vn -0.97437006 -0.22495105 0.00000000
v 0.30909310 0.00000000 1.00000000
vt 0.16302960 0.37069323
vn -0.97437006 -0.22495105 0.00000000
v 0.28348286 0.11093016 1.00000000
vt 0.16302960 0.36328125
vn -0.97437006 -0.22495105 0.00000000
f 94/94/94 95/95/95 96/96/96
v 0.28348286 0.11093016 0.76875001
vt 0.50585938 0.21875000
vn -0.22495105 0.97437006 0.00000000
v 0.28348286 0.11093016 1.00000000
vt 0.50585938 0.23334210
vn -0.22495105 0.97437006 0.00000000
v 0.51495431 0.16436956 1.00000000
vt 0.52095853 0.23334210
vn -0.22495105 0.97437006 0.00000000
f 97/97/97 98/98/98 99/99/99
v 0.28348286 0.11093016 0.76875001
vt 0.50585938 0.21875000
vn -0.22495105 0.97437006 0.00000000
v 0.51495431 0.16436956 1.00000000
vt 0.52095853 0.23334210
vn -0.22495105 0.97437006 0.00000000
v 0.64278182 0.19388087 0.76875001
vt 0.52929688 0.21875000
vn -0.22495105 0.97437006 0.00000000
f 100/100/100 101/101/101 102/102/102
v 0.64278182 0.19388087 1.00000000
vt 0.52929688 0.23334210
vn -0.22495105 0.97437006 0.00000000
v 0.64278182 0.19388087 0.76875001
vt 0.52929688 0.21875000
vn -0.22495105 0.97437006 0.00000000
v 0.51495431 0.16436956 1.00000000
vt 0.52095853 0.23334210
vn -0.22495105 0.97437006 0.00000000
f 103/103/103 104/104/104 105/105/105
v 0.64278182 0.19388087 0.76875001
vt 0.33398438 0.36328125
vn 0.00000000 0.00000000 -1.00000000
v 0.68754275 0.00000000 0.76875001
vt 0.33398438 0.37623572
vn 0.00000000 0.00000000 -1.00000000
v 0.50961572 0.00000000 0.76875001
vt 0.34500345 0.37362994
vn 0.00000000 0.00000000 -1.00000000
f 106/106/106 107/107/107 108/108/108
v 0.64278182 0.19388087 0.76875001
vt 0.33398438 0.36328125
vn 0.00000000 0.00000000 -1.00000000
v 0.50961572 0.00000000 0.76875001
vt 0.34500345 0.37362994
vn 0.00000000 0.00000000 -1.00000000
v 0.28348286 0.11093016 0.76875001
vt 0.35742188 0.36328125
vn 0.00000000 0.00000000 -1.00000000
f 109/109/109 110/110/110 111/111/111
v 0.30909310 0.00000000 0.76875001
vt 0.35742188 0.37069323
vn 0.00000000 0.00000000 -1.00000000
v 0.28348286 0.11093016 0.76875001
vt 0.35742188 0.36328125
vn 0.00000000 0.00000000 -1.00000000
v 0.50961572 0.00000000 0.76875001
vt 0.34500345 0.37362994
vn 0.00000000 0.00000000 -1.00000000
f 112/112/112 113/113/113 114/114/114
v 0.45533642 0.18477918 0.79687500
vt 0.58984375 0.30468750
vn 0.88294759 -0.46947156 0.00000000
v 0.35708759 0.00000000 0.79687500
vt 0.58984375 0.31756903
vn 0.88294759 -0.46947156 0.00000000
v 0.35708759 0.00000000 0.70450017
vt 0.59561718 0.31756903
vn 0.88294759 -0.46947156 0.00000000
f 115/115/115 116/116/116 117/117/117
v 0.45533642 0.18477918 0.79687500
vt 0.58984375 0.30468750
vn 0.88294759 -0.46947156 0.00000000
v 0.35708759 0.00000000 0.70450017
vt 0.59561718 0.31756903
vn 0.88294759 -0.46947156 0.00000000
v 0.45533642 0.18477918 0.60937500
vt 0.60156250 0.30468750
vn 0.88294759 -0.46947156 0.00000000
f 118/118/118 119/119/119 120/120/120
v 0.35708759 0.00000000 0.60937500
vt 0.60156250 0.31756903
vn 0.88294759 -0.46947156 0.00000000
v 0.45533642 0.18477918 0.60937500
vt 0.60156250 0.30468750
vn 0.88294759 -0.46947156 0.00000000
v 0.35708759 0.00000000 0.70450017
vt 0.59561718 0.31756903
vn 0.88294759 -0.46947156 0.00000000
f 121/121/121 122/122/122 123/123/123
v 0.30082060 0.26693670 0.60937500
vt 0.60546875 0.30468750
vn -0.88294759 0.46947156 0.00000000
v 0.15888783 0.00000000 0.60937500
vt 0.60546875 0.32329649
vn -0.88294759 0.46947156 0.00000000
v 0.15888783 0.00000000 0.65945477
vt 0.60859874 0.32329649
vn -0.88294759 0.46947156 0.00000000
f 124/124/124 125/125/125 126/126/126
v 0.30082060 0.26693670 0.60937500
vt 0.60546875 0.30468750
vn -0.88294759 0.46947156 0.00000000
v 0.15888783 0.00000000 0.65945477
vt 0.60859874 0.32329649
vn -0.88294759 0.46947156 0.00000000
v 0.30082060 0.26693670 0.79687500
vt 0.61718750 0.30468750
vn -0.88294759 0.46947156 0.00000000
f 127/127/127 128/128/128 129/129/129
v 0.15888783 0.00000000 0.79687500
vt 0.61718750 0.32329649
vn -0.88294759 0.46947156 0.00000000
v 0.30082060 0.26693670 0.79687500
vt 0.61718750 0.30468750
vn -0.88294759 0.46947156 0.00000000
v 0.15888783 0.00000000 0.65945477
vt 0.60859874 0.32329649
vn -0.88294759 0.46947156 0.00000000
f 130/130/130 131/131/131 132/132/132
v 0.30082060 0.26693670 0.60937500
vt 0.52539062 0.38671875
vn 0.46947156 0.88294759 0.00000000
v 0.30082060 0.26693670 0.79687500
vt 0.52539062 0.39843750
vn 0.46947156 0.88294759 0.00000000
v 0.45533642 0.18477918 0.60937500
vt 0.53710938 0.38671875
vn 0.46947156 0.88294759 0.00000000
f 133/133/133 134/134/134 135/135/135
v 0.30082060 0.26693670 0.79687500
vt 0.52539062 0.39843750
vn 0.46947156 0.88294759 0.00000000
v 0.45533642 0.18477918 0.79687500
vt 0.53710938 0.39843750
vn 0.46947156 0.88294759 0.00000000
v 0.45533642 0.18477918 0.60937500
vt 0.53710938 0.38671875
vn 0.46947156 0.88294759 0.00000000
f 136/136/136 137/137/137 138/138/138
v 0.30082060 0.26693670 0.79687500
vt 0.57421875 0.30468750
vn 0.00000000 0.00000000 1.00000000
v 0.15888783 0.00000000 0.79687500
vt 0.57421875 0.32329649
vn 0.00000000 0.00000000 1.00000000
v 0.22724500 0.00000000 0.79687500
vt 0.57826043 0.32132115
vn 0.00000000 0.00000000 1.00000000
f 139/139/139 140/140/140 141/141/141
v 0.30082060 0.26693670 0.79687500
vt 0.57421875 0.30468750
vn 0.00000000 0.00000000 1.00000000
v 0.22724500 0.00000000 0.79687500
vt 0.57826043 0.32132115
vn 0.00000000 0.00000000 1.00000000
v 0.45533642 0.18477918 0.79687500
vt 0.58593750 0.30468750
vn 0.00000000 0.00000000 1.00000000
f 142/142/142 143/143/143 144/144/144
v 0.35708759 0.00000000 0.79687500
vt 0.58593750 0.31756903
vn 0.00000000 0.00000000 1.00000000
v 0.45533642 0.18477918 0.79687500
vt 0.58593750 0.30468750
vn 0.00000000 0.00000000 1.00000000
v 0.22724500 0.00000000 0.79687500
vt 0.57826043 0.32132115
vn 0.00000000 0.00000000 1.00000000
f 145/145/145 146/146/146 147/147/147
v 0.45533642 0.18477918 0.60937500
vt 0.55859375 0.30468750
vn 0.00000000 0.00000000 -1.00000000
v 0.35708759 0.00000000 0.60937500
vt 0.55859375 0.31756903
vn 0.00000000 0.00000000 -1.00000000
v 0.27741369 0.00000000 0.60937500
vt 0.56330455 0.31987140
vn 0.00000000 0.00000000 -1.00000000
f 148/148/148 149/149/149 150/150/150
v 0.45533642 0.18477918 0.60937500
vt 0.55859375 0.30468750
vn 0.00000000 0.00000000 -1.00000000
v 0.27741369 0.00000000 0.60937500
vt 0.56330455 0.31987140
vn 0.00000000 0.00000000 -1.00000000
v 0.30082060 0.26693670 0.60937500
vt 0.57031250 0.30468750
vn 0.00000000 0.00000000 -1.00000000
f 151/151/151 152/152/152 153/153/153
v 0.15888783 0.00000000 0.60937500
vt 0.57031250 0.32329649
vn 0.00000000 0.00000000 -1.00000000
v 0.30082060 0.26693670 0.60937500
vt 0.57031250 0.30468750
vn 0.00000000 0.00000000 -1.00000000
v 0.27741369 0.00000000 0.60937500
vt 0.56330455 0.31987140
vn 0.00000000 0.00000000 -1.00000000
f 154/154/154 155/155/155 156/156/156
v 0.23750000 0.15625000 0.92187500
vt 0.89648438 0.36328125
vn 1.00000000 0.00000000 0.00000000
v 0.23750000 0.00000000 0.92187500
vt 0.89648438 0.37350109
vn 1.00000000 0.00000000 0.00000000
v 0.23750000 0.00000000 0.85646804
vt 0.90057231 0.37350109
vn 1.00000000 0.00000000 0.00000000
f 157/157/157 158/158/158 159/159/159
v 0.23750000 0.15625000 0.92187500
vt 0.89648438 0.36328125
vn 1.00000000 0.00000000 0.00000000
v 0.23750000 0.00000000 0.85646804
vt 0.90057231 0.37350109
vn 1.00000000 0.00000000 0.00000000
v 0.23750000 0.15625000 0.76562500
vt 0.90625000 0.36328125
vn 1.00000000 0.00000000 0.00000000
f 160/160/160 161/161/161 162/162/162
v 0.23750000 0.00000000 0.76562500
vt 0.90625000 0.37350109
vn 1.00000000 0.00000000 0.00000000
v 0.23750000 0.15625000 0.76562500
vt 0.90625000 0.36328125
vn 1.00000000 0.00000000 0.00000000
v 0.23750000 0.00000000 0.85646804
vt 0.90057231 0.37350109
vn 1.00000000 0.00000000 0.00000000
f 163/163/163 164/164/164 165/165/165
v 0.00000000 0.15625000 0.83803354
vt 0.34684642 0.41077553
vn 0.00000000 1.00000000 0.00000000
v 0.23750000 0.15625000 0.76562500
vt 0.36132812 0.40625000
vn 0.00000000 1.00000000 0.00000000
v 0.00000000 0.15625000 0.76562500
vt 0.34684642 0.40625000
vn 0.00000000 1.00000000 0.00000000
f 166/166/166 167/167/167 168/168/168
v 0.00000000 0.15625000 0.92187500
vt 0.34684642 0.41601562
vn 0.00000000 1.00000000 0.00000000
v 0.23750000 0.15625000 0.92187500
vt 0.36132812 0.41601562
vn 0.00000000 1.00000000 0.00000000
v 0.23750000 0.15625000 0.76562500
vt 0.36132812 0.40625000
vn 0.00000000 1.00000000 0.00000000
f 169/169/169 170/170/170 171/171/171
v 0.00000000 0.15625000 0.92187500
vt 0.34684642 0.41601562
vn 0.00000000 1.00000000 0.00000000
v 0.23750000 0.15625000 0.76562500
vt 0.36132812 0.40625000
vn 0.00000000 1.00000000 0.00000000
v 0.00000000 0.15625000 0.83803354
vt 0.34684642 0.41077553
vn 0.00000000 1.00000000 0.00000000
f 172/172/172 173/173/173 174/174/174
v 0.00000000 0.03170734 0.92187500
vt 0.83903392 0.37142721
vn 0.00000000 0.00000000 1.00000000
v 0.23750000 0.15625000 0.92187500
vt 0.85351562 0.36328125
vn 0.00000000 0.00000000 1.00000000
v 0.00000000 0.15625000 0.92187500
vt 0.83903392 0.36328125
vn 0.00000000 0.00000000 1.00000000
f 175/175/175 176/176/176 177/177/177
v 0.23750000 0.00000000 0.92187500
vt 0.85351562 0.37350109
vn 0.00000000 0.00000000 1.00000000
v 0.23750000 0.15625000 0.92187500
vt 0.85351562 0.36328125
vn 0.00000000 0.00000000 1.00000000
v 0.00000000 0.03170734 0.92187500
vt 0.83903392 0.37142721
vn 0.00000000 0.00000000 1.00000000
f 178/178/178 179/179/179 180/180/180
v 0.23750000 0.00000000 0.92187500
vt 0.85351562 0.37350109
vn 0.00000000 0.00000000 1.00000000
v 0.00000000 0.03170734 0.92187500
vt 0.83903392 0.37142721
vn 0.00000000 0.00000000 1.00000000
v 0.00000000 0.00000000 0.92187500
vt 0.83903392 0.37350109
vn 0.00000000 0.00000000 1.00000000
f 181/181/181 182/182/182 183/183/183
v 0.23750000 0.15625000 0.76562500
vt 0.78710938 0.36328125
vn 0.00000000 0.00000000 -1.00000000
v 0.23750000 0.00000000 0.76562500
vt 0.78710938 0.37350109
vn 0.00000000 0.00000000 -1.00000000
v 0.02296516 0.00000000 0.76562500
vt 0.80019077 0.37350109
vn 0.00000000 0.00000000 -1.00000000
f 184/184/184 185/185/185 186/186/186
v 0.23750000 0.15625000 0.76562500
vt 0.78710938 0.36328125
vn 0.00000000 0.00000000 -1.00000000
v 0.02296516 0.00000000 0.76562500
vt 0.80019077 0.37350109
vn 0.00000000 0.00000000 -1.00000000
v 0.00000000 0.01204271 0.76562500
vt 0.80159108 0.37271341
vn 0.00000000 0.00000000 -1.00000000
f 187/187/187 188/188/188 189/189/189
v 0.23750000 0.15625000 0.76562500
vt 0.78710938 0.36328125
vn 0.00000000 0.00000000 -1.00000000
v 0.00000000 0.01204271 0.76562500
vt 0.80159108 0.37271341
vn 0.00000000 0.00000000 -1.00000000
v 0.00000000 0.15625000 0.76562500
vt 0.80159108 0.36328125
vn 0.00000000 0.00000000 -1.00000000
f 190/190/190 191/191/191 192/192/192
v 0.00000000 0.00000000 0.76562500
vt 0.80159108 0.37350109
vn 0.00000000 0.00000000 -1.00000000
v 0.00000000 0.01204271 0.76562500
vt 0.80159108 0.37271341
vn 0.00000000 0.00000000 -1.00000000
v 0.02296516 0.00000000 0.76562500
vt 0.80019077 0.37350109
vn 0.00000000 0.00000000 -1.00000000
f 193/193/193 194/194/194 195/195/195
v 0.40625000 0.40917060 1.00000000
vt 0.06431622 0.32152636
vn 1.00000000 0.00000000 0.00000000
v 0.40625000 0.67499995 0.61562499
vt 0.08789062 0.30468750
vn 1.00000000 0.00000000 0.00000000
v 0.40625000 0.67499995 1.00000000
vt 0.06431622 0.30468750
vn 1.00000000 0.00000000 0.00000000
f 196/196/196 197/197/197 198/198/198
v 0.40625000 0.21250010 1.00000000
vt 0.06431622 0.33398438
vn 1.00000000 0.00000000 0.00000000
v 0.40625000 0.21250010 0.61562499
vt 0.08789062 0.33398438
vn 1.00000000 0.00000000 0.00000000
v 0.40625000 0.67499995 0.61562499
vt 0.08789062 0.30468750
vn 1.00000000 0.00000000 0.00000000
f 199/199/199 200/200/200 201/201/201
v 0.40625000 0.21250010 1.00000000
vt 0.06431622 0.33398438
vn 1.00000000 0.00000000 0.00000000
v 0.40625000 0.67499995 0.61562499
vt 0.08789062 0.30468750
vn 1.00000000 0.00000000 0.00000000
v 0.40625000 0.40917060 1.00000000
vt 0.06431622 0.32152636
vn 1.00000000 0.00000000 0.00000000
f 202/202/202 203/203/203 204/204/204
v 0.25000000 0.67499995 0.61562499
vt 0.09179688 0.30468750
vn -1.00000000 0.00000000 0.00000000
v 0.25000000 0.21250010 0.61562499
vt 0.09179688 0.33398438
vn -1.00000000 0.00000000 0.00000000
v 0.25000000 0.47832945 1.00000000
vt 0.11537128 0.31714552
vn -1.00000000 0.00000000 0.00000000
f 205/205/205 206/206/206 207/207/207
v 0.25000000 0.67499995 0.61562499
vt 0.09179688 0.30468750
vn -1.00000000 0.00000000 0.00000000
v 0.25000000 0.47832945 1.00000000
vt 0.11537128 0.31714552
vn -1.00000000 0.00000000 0.00000000
v 0.25000000 0.67499995 1.00000000
vt 0.11537128 0.30468750
vn -1.00000000 0.00000000 0.00000000
f 208/208/208 209/209/209 210/210/210
v 0.25000000 0.21250010 0.61562499
vt 0.09179688 0.33398438
vn -1.00000000 0.00000000 0.00000000
v 0.25000000 0.21250010 1.00000000
vt 0.11537128 0.33398438
vn -1.00000000 0.00000000 0.00000000
v 0.25000000 0.47832945 1.00000000
vt 0.11537128 0.31714552
vn -1.00000000 0.00000000 0.00000000
f 211/211/211 212/212/212 213/213/213
v 0.25000000 0.67499995 0.61562499
vt 0.65039062 0.21875000
vn 0.00000000 1.00000000 0.00000000
v 0.25000000 0.67499995 1.00000000
vt 0.65039062 0.24232440
vn 0.00000000 1.00000000 0.00000000
v 0.31644276 0.67499995 1.00000000
vt 0.65454330 0.24232440
vn 0.00000000 1.00000000 0.00000000
f 214/214/214 215/215/215 216/216/216
v 0.25000000 0.67499995 0.61562499
vt 0.65039062 0.21875000
vn 0.00000000 1.00000000 0.00000000
v 0.31644276 0.67499995 1.00000000
vt 0.65454330 0.24232440
vn 0.00000000 1.00000000 0.00000000
v 0.40625000 0.67499995 0.61562499
vt 0.66015625 0.21875000
vn 0.00000000 1.00000000 0.00000000
f 217/217/217 218/218/218 219/219/219
v 0.40625000 0.67499995 1.00000000
vt 0.66015625 0.24232440
vn 0.00000000 1.00000000 0.00000000
v 0.40625000 0.67499995 0.61562499
vt 0.66015625 0.21875000
vn 0.00000000 1.00000000 0.00000000
v 0.31644276 0.67499995 1.00000000
vt 0.65454330 0.24232440
vn 0.00000000 1.00000000 0.00000000
f 220/220/220 221/221/221 222/222/222
v 0.25000000 0.21250010 1.00000000
vt 0.66406250 0.23619122
vn 0.00000000 -1.00000000 0.00000000
v 0.25000000 0.21250010 0.61562499
vt 0.66406250 0.25976562
vn 0.00000000 -1.00000000 0.00000000
v 0.33980724 0.21250010 1.00000000
vt 0.66967545 0.23619122
vn 0.00000000 -1.00000000 0.00000000
f 223/223/223 224/224/224 225/225/225
v 0.25000000 0.21250010 0.61562499
vt 0.66406250 0.25976562
vn 0.00000000 -1.00000000 0.00000000
v 0.40625000 0.21250010 0.61562499
vt 0.67382812 0.25976562
vn 0.00000000 -1.00000000 0.00000000
v 0.40625000 0.21250010 1.00000000
vt 0.67382812 0.23619122
vn 0.00000000 -1.00000000 0.00000000
f 226/226/226 227/227/227 228/228/228
v 0.25000000 0.21250010 0.61562499
vt 0.66406250 0.25976562
vn 0.00000000 -1.00000000 0.00000000
v 0.40625000 0.21250010 1.00000000
vt 0.67382812 0.23619122
vn 0.00000000 -1.00000000 0.00000000
v 0.33980724 0.21250010 1.00000000
vt 0.66967545 0.23619122
vn 0.00000000 -1.00000000 0.00000000
f 229/229/229 230/230/230 231/231/231
v 0.40625000 0.67499995 0.61562499
vt 0.26171875 0.30468750
vn 0.00000000 0.00000000 -1.00000000
v 0.40625000 0.21250010 0.61562499
vt 0.26171875 0.33398438
vn 0.00000000 0.00000000 -1.00000000
v 0.25000000 0.67499995 0.61562499
vt 0.27148438 0.30468750
vn 0.00000000 0.00000000 -1.00000000
f 232/232/232 233/233/233 234/234/234
v 0.40625000 0.21250010 0.61562499
vt 0.26171875 0.33398438
vn 0.00000000 0.00000000 -1.00000000
v 0.25000000 0.21250010 0.61562499
vt 0.27148438 0.33398438
vn 0.00000000 0.00000000 -1.00000000
v 0.25000000 0.67499995 0.61562499
vt 0.27148438 0.30468750
vn 0.00000000 0.00000000 -1.00000000
f 235/235/235 236/236/236 237/237/237
v 0.38092270 0.75834822 1.00000000
vt 0.15364267 0.35051009
vn 0.88294759 0.46947156 0.00000000
v 0.28957800 0.93014261 0.62187499
vt 0.17773438 0.33789062
vn 0.88294759 0.46947156 0.00000000
v 0.28957800 0.93014261 1.00000000
vt 0.15364267 0.33789062
vn 0.88294759 0.46947156 0.00000000
f 238/238/238 239/239/239 240/240/240
v 0.44509046 0.63766621 1.00000000
vt 0.15364267 0.35937500
vn 0.88294759 0.46947156 0.00000000
v 0.44509046 0.63766621 0.62187499
vt 0.17773438 0.35937500
vn 0.88294759 0.46947156 0.00000000
v 0.28957800 0.93014261 0.62187499
vt 0.17773438 0.33789062
vn 0.88294759 0.46947156 0.00000000
f 241/241/241 242/242/242 243/243/243
v 0.44509046 0.63766621 1.00000000
vt 0.15364267 0.35937500
vn 0.88294759 0.46947156 0.00000000
v 0.28957800 0.93014261 0.62187499
vt 0.17773438 0.33789062
vn 0.88294759 0.46947156 0.00000000
v 0.38092270 0.75834822 1.00000000
vt 0.15364267 0.35051009
vn 0.88294759 0.46947156 0.00000000
f 244/244/244 245/245/245 246/246/246
v 0.12678454 0.84358379 0.62187499
vt 0.18164062 0.33789062
vn -0.88294759 -0.46947156 0.00000000
v 0.28229700 0.55110739 0.62187499
vt 0.18164062 0.35937500
vn -0.88294759 -0.46947156 0.00000000
v 0.19095230 0.72290178 1.00000000
vt 0.20573233 0.34675554
vn -0.88294759 -0.46947156 0.00000000
f 247/247/247 248/248/248 249/249/249
v 0.12678454 0.84358379 0.62187499
vt 0.18164062 0.33789062
vn -0.88294759 -0.46947156 0.00000000
v 0.19095230 0.72290178 1.00000000
vt 0.20573233 0.34675554
vn -0.88294759 -0.46947156 0.00000000
v 0.12678454 0.84358379 1.00000000
vt 0.20573233 0.33789062
vn -0.88294759 -0.46947156 0.00000000
f 250/250/250 251/251/251 252/252/252
v 0.28229700 0.55110739 0.62187499
vt 0.18164062 0.35937500
vn -0.88294759 -0.46947156 0.00000000
v 0.28229700 0.55110739 1.00000000
vt 0.20573233 0.35937500
vn -0.88294759 -0.46947156 0.00000000
v 0.19095230 0.72290178 1.00000000
vt 0.20573233 0.34675554
vn -0.88294759 -0.46947156 0.00000000
f 253/253/253 254/254/254 255/255/255
v 0.12678454 0.84358379 0.62187499
vt 0.59179688 0.21875000
vn -0.46947156 0.88294759 0.00000000
v 0.12678454 0.84358379 1.00000000
vt 0.59179688 0.24284170
vn -0.46947156 0.88294759 0.00000000
v 0.19395660 0.87929981 1.00000000
vt 0.59663228 0.24284170
vn -0.46947156 0.88294759 0.00000000
f 256/256/256 257/257/257 258/258/258
v 0.12678454 0.84358379 0.62187499
vt 0.59179688 0.21875000
vn -0.46947156 0.88294759 0.00000000
v 0.19395660 0.87929981 1.00000000
vt 0.59663228 0.24284170
vn -0.46947156 0.88294759 0.00000000
v 0.28957800 0.93014261 0.62187499
vt 0.60351562 0.21875000
vn -0.46947156 0.88294759 0.00000000
f 259/259/259 260/260/260 261/261/261
v 0.28957800 0.93014261 1.00000000
vt 0.60351562 0.24284170
vn -0.46947156 0.88294759 0.00000000
v 0.28957800 0.93014261 0.62187499
vt 0.60351562 0.21875000
vn -0.46947156 0.88294759 0.00000000
v 0.19395660 0.87929981 1.00000000
vt 0.59663228 0.24284170
vn -0.46947156 0.88294759 0.00000000
f 262/262/262 263/263/263 264/264/264
v 0.28229700 0.55110739 1.00000000
vt 0.60742188 0.23567392
vn 0.46947156 -0.88294759 0.00000000
v 0.28229700 0.55110739 0.62187499
vt 0.60742188 0.25976562
vn 0.46947156 -0.88294759 0.00000000
v 0.37791840 0.60195019 1.00000000
vt 0.61430522 0.23567392
vn 0.46947156 -0.88294759 0.00000000
f 265/265/265 266/266/266 267/267/267
v 0.28229700 0.55110739 0.62187499
vt 0.60742188 0.25976562
vn 0.46947156 -0.88294759 0.00000000
v 0.44509046 0.63766621 0.62187499
vt 0.61914062 0.25976562
vn 0.46947156 -0.88294759 0.00000000
v 0.44509046 0.63766621 1.00000000
vt 0.61914062 0.23567392
vn 0.46947156 -0.88294759 0.00000000
f 268/268/268 269/269/269 270/270/270
v 0.28229700 0.55110739 0.62187499
vt 0.60742188 0.25976562
vn 0.46947156 -0.88294759 0.00000000
v 0.44509046 0.63766621 1.00000000
vt 0.61914062 0.23567392
vn 0.46947156 -0.88294759 0.00000000
v 0.37791840 0.60195019 1.00000000
vt 0.61430522 0.23567392
vn 0.46947156 -0.88294759 0.00000000
f 271/271/271 272/272/272 273/273/273
v 0.28957800 0.93014261 0.62187499
vt 0.42968750 0.33789062
vn 0.00000000 0.00000000 -1.00000000
v 0.44509046 0.63766621 0.62187499
vt 0.42968750 0.35937500
vn 0.00000000 0.00000000 -1.00000000
v 0.12678454 0.84358379 0.62187499
vt 0.44140625 0.33789062
vn 0.00000000 0.00000000 -1.00000000
f 274/274/274 275/275/275 276/276/276
v 0.44509046 0.63766621 0.62187499
vt 0.42968750 0.35937500
vn 0.00000000 0.00000000 -1.00000000
v 0.28229700 0.55110739 0.62187499
vt 0.44140625 0.35937500
vn 0.00000000 0.00000000 -1.00000000
v 0.12678454 0.84358379 0.62187499
vt 0.44140625 0.33789062
vn 0.00000000 0.00000000 -1.00000000
f 277/277/277 278/278/278 279/279/279
v 0.20625000 0.88450891 1.00000000
vt 0.25058594 0.42427455
vn 1.00000000 0.00000000 0.00000000
v 0.20625000 0.95937490 0.63437501
vt 0.27343750 0.41992188
vn 1.00000000 0.00000000 0.00000000
v 0.20625000 0.95937490 1.00000000
vt 0.25058594 0.41992188
vn 1.00000000 0.00000000 0.00000000
f 280/280/280 281/281/281 282/282/282
v 0.20625000 0.82500005 1.00000000
vt 0.25058594 0.42773438
vn 1.00000000 0.00000000 0.00000000
v 0.20625000 0.82500005 0.63437501
vt 0.27343750 0.42773438
vn 1.00000000 0.00000000 0.00000000
v 0.20625000 0.95937490 0.63437501
vt 0.27343750 0.41992188
vn 1.00000000 0.00000000 0.00000000
f 283/283/283 284/284/284 285/285/285
v 0.20625000 0.82500005 1.00000000
vt 0.25058594 0.42773438
vn 1.00000000 0.00000000 0.00000000
v 0.20625000 0.95937490 0.63437501
vt 0.27343750 0.41992188
vn 1.00000000 0.00000000 0.00000000
v 0.20625000 0.88450891 1.00000000
vt 0.25058594 0.42427455
vn 1.00000000 0.00000000 0.00000000
f 286/286/286 287/287/287 288/288/288
v 0.00000000 0.95937490 0.93515625
vt 0.40348307 0.23754883
vn 0.00000000 1.00000000 0.00000000
v 0.20625000 0.95937490 0.63437501
vt 0.41601562 0.21875000
vn 0.00000000 1.00000000 0.00000000
v 0.00000000 0.95937490 0.63437501
vt 0.40348307 0.21875000
vn 0.00000000 1.00000000 0.00000000
f 289/289/289 290/290/290 291/291/291
v 0.20625000 0.95937490 1.00000000
vt 0.41601562 0.24160156
vn 0.00000000 1.00000000 0.00000000
v 0.20625000 0.95937490 0.63437501
vt 0.41601562 0.21875000
vn 0.00000000 1.00000000 0.00000000
v 0.00000000 0.95937490 0.93515625
vt 0.40348307 0.23754883
vn 0.00000000 1.00000000 0.00000000
f 292/292/292 293/293/293 294/294/294
v 0.20625000 0.95937490 1.00000000
vt 0.41601562 0.24160156
vn 0.00000000 1.00000000 0.00000000
v 0.00000000 0.95937490 0.93515625
vt 0.40348307 0.23754883
vn 0.00000000 1.00000000 0.00000000
v 0.00000000 0.95937490 1.00000000
vt 0.40348307 0.24160156
vn 0.00000000 1.00000000 0.00000000
f 295/295/295 296/296/296 297/297/297
v 0.00000000 0.82500005 0.98984376
vt 0.43473307 0.23754883
vn 0.00000000 -1.00000000 0.00000000
v 0.00696428 0.82500005 1.00000000
vt 0.43515625 0.23691406
vn 0.00000000 -1.00000000 0.00000000
v 0.00000000 0.82500005 1.00000000
vt 0.43473307 0.23691406
vn 0.00000000 -1.00000000 0.00000000
f 298/298/298 299/299/299 300/300/300
v 0.00000000 0.82500005 0.63437501
vt 0.43473307 0.25976562
vn 0.00000000 -1.00000000 0.00000000
v 0.20625000 0.82500005 0.63437501
vt 0.44726562 0.25976562
vn 0.00000000 -1.00000000 0.00000000
v 0.20625000 0.82500005 1.00000000
vt 0.44726562 0.23691406
vn 0.00000000 -1.00000000 0.00000000
f 301/301/301 302/302/302 303/303/303
v 0.00000000 0.82500005 0.63437501
vt 0.43473307 0.25976562
vn 0.00000000 -1.00000000 0.00000000
v 0.20625000 0.82500005 1.00000000
vt 0.44726562 0.23691406
vn 0.00000000 -1.00000000 0.00000000
v 0.00696428 0.82500005 1.00000000
vt 0.43515625 0.23691406
vn 0.00000000 -1.00000000 0.00000000
f 304/304/304 305/305/305 306/306/306
v 0.00000000 0.82500005 0.63437501
vt 0.43473307 0.25976562
vn 0.00000000 -1.00000000 0.00000000
v 0.00696428 0.82500005 1.00000000
vt 0.43515625 0.23691406
vn 0.00000000 -1.00000000 0.00000000
v 0.00000000 0.82500005 0.98984376
vt 0.43473307 0.23754883
vn 0.00000000 -1.00000000 0.00000000
f 307/307/307 308/308/308 309/309/309
v 0.20625000 0.95937490 0.63437501
vt 0.85351562 0.41992188
vn 0.00000000 0.00000000 -1.00000000
v 0.20625000 0.82500005 0.63437501
vt 0.85351562 0.42773438
vn 0.00000000 0.00000000 -1.00000000
v 0.00000000 0.88658852 0.63437501
vt 0.86604818 0.42415365
vn 0.00000000 0.00000000 -1.00000000
f 310/310/310 311/311/311 312/312/312
v 0.20625000 0.95937490 0.63437501
vt 0.85351562 0.41992188
vn 0.00000000 0.00000000 -1.00000000
v 0.00000000 0.88658852 0.63437501
vt 0.86604818 0.42415365
vn 0.00000000 0.00000000 -1.00000000
v 0.00000000 0.95937490 0.63437501
vt 0.86604818 0.41992188
vn 0.00000000 0.00000000 -1.00000000
f 313/313/313 314/314/314 315/315/315
v 0.20625000 0.82500005 0.63437501
vt 0.85351562 0.42773438
vn 0.00000000 0.00000000 -1.00000000
v 0.00000000 0.82500005 0.63437501
vt 0.86604818 0.42773438
vn 0.00000000 0.00000000 -1.00000000
v 0.00000000 0.88658852 0.63437501
vt 0.86604818 0.42415365
vn 0.00000000 0.00000000 -1.00000000
f 316/316/316 317/317/317 318/318/318
v 0.09375000 0.97799474 1.00000000
vt 0.14550781 0.47957357
vn 1.00000000 0.00000000 0.00000000
v 0.09375000 1.00000000 0.79687500
vt 0.15820312 0.47851562
vn 1.00000000 0.00000000 0.00000000
v 0.09375000 1.00000000 1.00000000
vt 0.14550781 0.47851562
vn 1.00000000 0.00000000 0.00000000
f 319/319/319 320/320/320 321/321/321
v 0.09375000 0.95937490 1.00000000
vt 0.14550781 0.48046875
vn 1.00000000 0.00000000 0.00000000
v 0.09375000 0.95937490 0.79687500
vt 0.15820312 0.48046875
vn 1.00000000 0.00000000 0.00000000
v 0.09375000 1.00000000 0.79687500
vt 0.15820312 0.47851562
vn 1.00000000 0.00000000 0.00000000
f 322/322/322 323/323/323 324/324/324
v 0.09375000 0.95937490 1.00000000
vt 0.14550781 0.48046875
vn 1.00000000 0.00000000 0.00000000
v 0.09375000 1.00000000 0.79687500
vt 0.15820312 0.47851562
vn 1.00000000 0.00000000 0.00000000
v 0.09375000 0.97799474 1.00000000
vt 0.14550781 0.47957357
vn 1.00000000 0.00000000 0.00000000
f 325/325/325 326/326/326 327/327/327
v 0.00000000 1.00000000 0.92768895
vt 0.79269622 0.31286337
vn 0.00000000 1.00000000 0.00000000
v 0.09375000 1.00000000 0.79687500
vt 0.79882812 0.30468750
vn 0.00000000 1.00000000 0.00000000
v 0.00000000 1.00000000 0.79687500
vt 0.79269622 0.30468750
vn 0.00000000 1.00000000 0.00000000
f 328/328/328 329/329/329 330/330/330
v 0.09375000 1.00000000 1.00000000
vt 0.79882812 0.31738281
vn 0.00000000 1.00000000 0.00000000
v 0.09375000 1.00000000 0.79687500
vt 0.79882812 0.30468750
vn 0.00000000 1.00000000 0.00000000
v 0.00000000 1.00000000 0.92768895
vt 0.79269622 0.31286337
vn 0.00000000 1.00000000 0.00000000
f 331/331/331 332/332/332 333/333/333
v 0.09375000 1.00000000 1.00000000
vt 0.79882812 0.31738281
vn 0.00000000 1.00000000 0.00000000
v 0.00000000 1.00000000 0.92768895
vt 0.79269622 0.31286337
vn 0.00000000 1.00000000 0.00000000
v 0.00000000 1.00000000 1.00000000
vt 0.79269622 0.31738281
vn 0.00000000 1.00000000 0.00000000
f 334/334/334 335/335/335 336/336/336
v 0.00000000 0.95937490 0.79687500
vt 0.81418060 0.32812500
vn 0.00000000 -1.00000000 0.00000000
v 0.09375000 0.95937490 0.79687500
vt 0.82031250 0.32812500
vn 0.00000000 -1.00000000 0.00000000
v 0.09375000 0.95937490 1.00000000
vt 0.82031250 0.31542969
vn 0.00000000 -1.00000000 0.00000000
f 337/337/337 338/338/338 339/339/339
v 0.00000000 0.95937490 0.79687500
vt 0.81418060 0.32812500
vn 0.00000000 -1.00000000 0.00000000
v 0.09375000 0.95937490 1.00000000
vt 0.82031250 0.31542969
vn 0.00000000 -1.00000000 0.00000000
v 0.00000000 0.95937490 1.00000000
vt 0.81418060 0.31542969
vn 0.00000000 -1.00000000 0.00000000
f 340/340/340 341/341/341 342/342/342
v 0.09375000 1.00000000 0.79687500
vt 0.23632812 0.47851562
vn 0.00000000 0.00000000 -1.00000000
v 0.09375000 0.95937490 0.79687500
vt 0.23632812 0.48046875
vn 0.00000000 0.00000000 -1.00000000
v 0.00000000 0.97354645 0.79687500
vt 0.24246003 0.47978743
vn 0.00000000 0.00000000 -1.00000000
f 343/343/343 344/344/344 345/345/345
v 0.09375000 1.00000000 0.79687500
vt 0.23632812 0.47851562
vn 0.00000000 0.00000000 -1.00000000
v 0.00000000 0.97354645 0.79687500
vt 0.24246003 0.47978743
vn 0.00000000 0.00000000 -1.00000000
v 0.00000000 1.00000000 0.79687500
vt 0.24246003 0.47851562
vn 0.00000000 0.00000000 -1.00000000
f 346/346/346 347/347/347 348/348/348
v 0.09375000 0.95937490 0.79687500
vt 0.23632812 0.48046875
vn 0.00000000 0.00000000 -1.00000000
v 0.00000000 0.95937490 0.79687500
vt 0.24246003 0.48046875
vn 0.00000000 0.00000000 -1.00000000
v 0.00000000 0.97354645 0.79687500
vt 0.24246003 0.47978743
vn 0.00000000 0.00000000 -1.00000000
f 349/349/349 350/350/350 351/351/351
v 0.20625000 0.89687490 0.68437499
vt 0.09960938 0.45312500
vn 1.00000000 0.00000000 0.00000000
v 0.20625000 0.79375005 0.68437499
vt 0.09960938 0.45898438
vn 1.00000000 0.00000000 0.00000000
v 0.20625000 0.89687490 0.52812499
vt 0.10937500 0.45312500
vn 1.00000000 0.00000000 0.00000000
f 352/352/352 353/353/353 354/354/354
v 0.20625000 0.79375005 0.68437499
vt 0.09960938 0.45898438
vn 1.00000000 0.00000000 0.00000000
v 0.20625000 0.79375005 0.52812499
vt 0.10937500 0.45898438
vn 1.00000000 0.00000000 0.00000000
v 0.20625000 0.89687490 0.52812499
vt 0.10937500 0.45312500
vn 1.00000000 0.00000000 0.00000000
f 355/355/355 356/356/356 357/357/357
v 0.00000000 0.89687490 0.59973957
vt 0.41520182 0.41072591
vn 0.00000000 1.00000000 0.00000000
v 0.20625000 0.89687490 0.52812499
vt 0.42773438 0.40625000
vn 0.00000000 1.00000000 0.00000000
v 0.00000000 0.89687490 0.52812499
vt 0.41520182 0.40625000
vn 0.00000000 1.00000000 0.00000000
f 358/358/358 359/359/359 360/360/360
v 0.00000000 0.89687490 0.68437499
vt 0.41520182 0.41601562
vn 0.00000000 1.00000000 0.00000000
v 0.20625000 0.89687490 0.68437499
vt 0.42773438 0.41601562
vn 0.00000000 1.00000000 0.00000000
v 0.20625000 0.89687490 0.52812499
vt 0.42773438 0.40625000
vn 0.00000000 1.00000000 0.00000000
f 361/361/361 362/362/362 363/363/363
v 0.00000000 0.89687490 0.68437499
vt 0.41520182 0.41601562
vn 0.00000000 1.00000000 0.00000000
v 0.20625000 0.89687490 0.52812499
vt 0.42773438 0.40625000
vn 0.00000000 1.00000000 0.00000000
v 0.00000000 0.89687490 0.59973957
vt 0.41520182 0.41072591
vn 0.00000000 1.00000000 0.00000000
f 364/364/364 365/365/365 366/366/366
v 0.00000000 0.79375005 0.61276041
vt 0.44645182 0.41072591
vn 0.00000000 -1.00000000 0.00000000
v 0.20625000 0.79375005 0.68437499
vt 0.45898438 0.40625000
vn 0.00000000 -1.00000000 0.00000000
v 0.00000000 0.79375005 0.68437499
vt 0.44645182 0.40625000
vn 0.00000000 -1.00000000 0.00000000
f 367/367/367 368/368/368 369/369/369
v 0.00000000 0.79375005 0.52812499
vt 0.44645182 0.41601562
vn 0.00000000 -1.00000000 0.00000000
v 0.20625000 0.79375005 0.52812499
vt 0.45898438 0.41601562
vn 0.00000000 -1.00000000 0.00000000
v 0.20625000 0.79375005 0.68437499
vt 0.45898438 0.40625000
vn 0.00000000 -1.00000000 0.00000000
f 370/370/370 371/371/371 372/372/372
v 0.00000000 0.79375005 0.52812499
vt 0.44645182 0.41601562
vn 0.00000000 -1.00000000 0.00000000
v 0.20625000 0.79375005 0.68437499
vt 0.45898438 0.40625000
vn 0.00000000 -1.00000000 0.00000000
v 0.00000000 0.79375005 0.61276041
vt 0.44645182 0.41072591
vn 0.00000000 -1.00000000 0.00000000
f 373/373/373 374/374/374 375/375/375
v 0.00000000 0.84960935 0.68437499
vt 0.84879557 0.44604492
vn 0.00000000 0.00000000 1.00000000
v 0.20625000 0.89687490 0.68437499
vt 0.86132812 0.44335938
vn 0.00000000 0.00000000 1.00000000
v 0.00000000 0.89687490 0.68437499
vt 0.84879557 0.44335938
vn 0.00000000 0.00000000 1.00000000
f 376/376/376 377/377/377 378/378/378
v 0.00000000 0.79375005 0.68437499
vt 0.84879557 0.44921875
vn 0.00000000 0.00000000 1.00000000
v 0.20625000 0.79375005 0.68437499
vt 0.86132812 0.44921875
vn 0.00000000 0.00000000 1.00000000
v 0.20625000 0.89687490 0.68437499
vt 0.86132812 0.44335938
vn 0.00000000 0.00000000 1.00000000
f 379/379/379 380/380/380 381/381/381
v 0.00000000 0.79375005 0.68437499
vt 0.84879557 0.44921875
vn 0.00000000 0.00000000 1.00000000
v 0.20625000 0.89687490 0.68437499
vt 0.86132812 0.44335938
vn 0.00000000 0.00000000 1.00000000
v 0.00000000 0.84960935 0.68437499
vt 0.84879557 0.44604492
vn 0.00000000 0.00000000 1.00000000
f 382/382/382 383/383/383 384/384/384
v 0.20625000 0.89687490 0.52812499
vt 0.80273438 0.44335938
vn 0.00000000 0.00000000 -1.00000000
v 0.20625000 0.79375005 0.52812499
vt 0.80273438 0.44921875
vn 0.00000000 0.00000000 -1.00000000
v 0.00000000 0.84101561 0.52812499
vt 0.81526693 0.44653320
vn 0.00000000 0.00000000 -1.00000000
f 385/385/385 386/386/386 387/387/387
v 0.20625000 0.89687490 0.52812499
vt 0.80273438 0.44335938
vn 0.00000000 0.00000000 -1.00000000
v 0.00000000 0.84101561 0.52812499
vt 0.81526693 0.44653320
vn 0.00000000 0.00000000 -1.00000000
v 0.00000000 0.89687490 0.52812499
vt 0.81526693 0.44335938
vn 0.00000000 0.00000000 -1.00000000
f 388/388/388 389/389/389 390/390/390
v 0.20625000 0.79375005 0.52812499
vt 0.80273438 0.44921875
vn 0.00000000 0.00000000 -1.00000000
v 0.00000000 0.79375005 0.52812499
vt 0.81526693 0.44921875
vn 0.00000000 0.00000000 -1.00000000
v 0.00000000 0.84101561 0.52812499
vt 0.81526693 0.44653320
vn 0.00000000 0.00000000 -1.00000000
f 391/391/391 392/392/392 393/393/393
v 0.39687499 0.60625005 0.63437501
vt 0.90625000 0.30468750
vn 1.00000000 0.00000000 0.00000000
v 0.39687499 0.23749995 0.63437501
vt 0.90625000 0.32812500
vn 1.00000000 0.00000000 0.00000000
v 0.39687499 0.60625005 0.55937499
vt 0.91015625 0.30468750
vn 1.00000000 0.00000000 0.00000000
f 394/394/394 395/395/395 396/396/396
v 0.39687499 0.23749995 0.63437501
vt 0.90625000 0.32812500
vn 1.00000000 0.00000000 0.00000000
v 0.39687499 0.23749995 0.55937499
vt 0.91015625 0.32812500
vn 1.00000000 0.00000000 0.00000000
v 0.39687499 0.60625005 0.55937499
vt 0.91015625 0.30468750
vn 1.00000000 0.00000000 0.00000000
f 397/397/397 398/398/398 399/399/399
v 0.28749999 0.60625005 0.55937499
vt 0.91406250 0.30468750
vn -1.00000000 0.00000000 0.00000000
v 0.28749999 0.23749995 0.55937499
vt 0.91406250 0.32812500
vn -1.00000000 0.00000000 0.00000000
v 0.28749999 0.60625005 0.63437501
vt 0.91796875 0.30468750
vn -1.00000000 0.00000000 0.00000000
f 400/400/400 401/401/401 402/402/402
v 0.28749999 0.23749995 0.55937499
vt 0.91406250 0.32812500
vn -1.00000000 0.00000000 0.00000000
v 0.28749999 0.23749995 0.63437501
vt 0.91796875 0.32812500
vn -1.00000000 0.00000000 0.00000000
v 0.28749999 0.60625005 0.63437501
vt 0.91796875 0.30468750
vn -1.00000000 0.00000000 0.00000000
f 403/403/403 404/404/404 405/405/405
v 0.28749999 0.60625005 0.55937499
vt 0.91992188 0.46289062
vn 0.00000000 1.00000000 0.00000000
v 0.28749999 0.60625005 0.63437501
vt 0.91992188 0.46679688
vn 0.00000000 1.00000000 0.00000000
v 0.39687499 0.60625005 0.55937499
vt 0.92773438 0.46289062
vn 0.00000000 1.00000000 0.00000000
f 406/406/406 407/407/407 408/408/408
v 0.28749999 0.60625005 0.63437501
vt 0.91992188 0.46679688
vn 0.00000000 1.00000000 0.00000000
v 0.39687499 0.60625005 0.63437501
vt 0.92773438 0.46679688
vn 0.00000000 1.00000000 0.00000000
v 0.39687499 0.60625005 0.55937499
vt 0.92773438 0.46289062
vn 0.00000000 1.00000000 0.00000000
f 409/409/409 410/410/410 411/411/411
v 0.28749999 0.23749995 0.63437501
vt 0.93164062 0.46289062
vn 0.00000000 -1.00000000 0.00000000
v 0.28749999 0.23749995 0.55937499
vt 0.93164062 0.46679688
vn 0.00000000 -1.00000000 0.00000000
v 0.39687499 0.23749995 0.63437501
vt 0.93945312 0.46289062
vn 0.00000000 -1.00000000 0.00000000
f 412/412/412 413/413/413 414/414/414
v 0.28749999 0.23749995 0.55937499
vt 0.93164062 0.46679688
vn 0.00000000 -1.00000000 0.00000000
v 0.39687499 0.23749995 0.55937499
vt 0.93945312 0.46679688
vn 0.00000000 -1.00000000 0.00000000
v 0.39687499 0.23749995 0.63437501
vt 0.93945312 0.46289062
vn 0.00000000 -1.00000000 0.00000000
f 415/415/415 416/416/416 417/417/417
v 0.28749999 0.60625005 0.63437501
vt 0.85937500 0.30468750
vn 0.00000000 0.00000000 1.00000000
v 0.28749999 0.23749995 0.63437501
vt 0.85937500 0.32812500
vn 0.00000000 0.00000000 1.00000000
v 0.39687499 0.60625005 0.63437501
vt 0.86718750 0.30468750
vn 0.00000000 0.00000000 1.00000000
f 418/418/418 419/419/419 420/420/420
v 0.28749999 0.23749995 0.63437501
vt 0.85937500 0.32812500
vn 0.00000000 0.00000000 1.00000000
v 0.39687499 0.23749995 0.63437501
vt 0.86718750 0.32812500
vn 0.00000000 0.00000000 1.00000000
v 0.39687499 0.60625005 0.63437501
vt 0.86718750 0.30468750
vn 0.00000000 0.00000000 1.00000000
f 421/421/421 422/422/422 423/423/423
v 0.39687499 0.60625005 0.55937499
vt 0.84765625 0.30468750
vn 0.00000000 0.00000000 -1.00000000
v 0.39687499 0.23749995 0.55937499
vt 0.84765625 0.32812500
vn 0.00000000 0.00000000 -1.00000000
v 0.28749999 0.60625005 0.55937499
vt 0.85546875 0.30468750
vn 0.00000000 0.00000000 -1.00000000
f 424/424/424 425/425/425 426/426/426
v 0.39687499 0.23749995 0.55937499
vt 0.84765625 0.32812500
vn 0.00000000 0.00000000 -1.00000000
v 0.28749999 0.23749995 0.55937499
vt 0.85546875 0.32812500
vn 0.00000000 0.00000000 -1.00000000
v 0.28749999 0.60625005 0.55937499
vt 0.85546875 0.30468750
vn 0.00000000 0.00000000 -1.00000000
f 427/427/427 428/428/428 429/429/429
v 0.25000000 0.69651441 1.00000000
vt 0.90140475 0.22213041
vn 1.00000000 0.00000000 0.00000000
v 0.25000000 0.75000000 0.98437500
vt 0.90234375 0.21875000
vn 1.00000000 0.00000000 0.00000000
v 0.25000000 0.75000000 1.00000000
vt 0.90140475 0.21875000
vn 1.00000000 0.00000000 0.00000000
f 430/430/430 431/431/431 432/432/432
v 0.25000000 0.19374990 1.00000000
vt 0.90140475 0.25390625
vn 1.00000000 0.00000000 0.00000000
v 0.25000000 0.19374990 0.98437500
vt 0.90234375 0.25390625
vn 1.00000000 0.00000000 0.00000000
v 0.25000000 0.75000000 0.98437500
vt 0.90234375 0.21875000
vn 1.00000000 0.00000000 0.00000000
f 433/433/433 434/434/434 435/435/435
v 0.25000000 0.19374990 1.00000000
vt 0.90140475 0.25390625
vn 1.00000000 0.00000000 0.00000000
v 0.25000000 0.75000000 0.98437500
vt 0.90234375 0.21875000
vn 1.00000000 0.00000000 0.00000000
v 0.25000000 0.69651441 1.00000000
vt 0.90140475 0.22213041
vn 1.00000000 0.00000000 0.00000000
f 436/436/436 437/437/437 438/438/438
v 0.19771635 0.75000000 1.00000000
vt 0.28586989 0.40718900
vn 0.00000000 1.00000000 0.00000000
v 0.25000000 0.75000000 0.98437500
vt 0.28906250 0.40625000
vn 0.00000000 1.00000000 0.00000000
v 0.00000000 0.75000000 0.98437500
vt 0.27379670 0.40625000
vn 0.00000000 1.00000000 0.00000000
f 439/439/439 440/440/440 441/441/441
v 0.19771635 0.75000000 1.00000000
vt 0.28586989 0.40718900
vn 0.00000000 1.00000000 0.00000000
v 0.00000000 0.75000000 0.98437500
vt 0.27379670 0.40625000
vn 0.00000000 1.00000000 0.00000000
v 0.00000000 0.75000000 1.00000000
vt 0.27379670 0.40718900
vn 0.00000000 1.00000000 0.00000000
f 442/442/442 443/443/443 444/444/444
v 0.25000000 0.75000000 1.00000000
vt 0.28906250 0.40718900
vn 0.00000000 1.00000000 0.00000000
v 0.25000000 0.75000000 0.98437500
vt 0.28906250 0.40625000
vn 0.00000000 1.00000000 0.00000000
v 0.19771635 0.75000000 1.00000000
vt 0.28586989 0.40718900
vn 0.00000000 1.00000000 0.00000000
f 445/445/445 446/446/446 447/447/447
v 0.00000000 0.19374990 0.98437500
vt 0.31090607 0.41601562
vn 0.00000000 -1.00000000 0.00000000
v 0.25000000 0.19374990 0.98437500
vt 0.32617188 0.41601562
vn 0.00000000 -1.00000000 0.00000000
v 0.25000000 0.19374990 1.00000000
vt 0.32617188 0.41507662
vn 0.00000000 -1.00000000 0.00000000
f 448/448/448 449/449/449 450/450/450
v 0.00000000 0.19374990 0.98437500
vt 0.31090607 0.41601562
vn 0.00000000 -1.00000000 0.00000000
v 0.25000000 0.19374990 1.00000000
vt 0.32617188 0.41507662
vn 0.00000000 -1.00000000 0.00000000
v 0.00000000 0.19374990 1.00000000
vt 0.31090607 0.41507662
vn 0.00000000 -1.00000000 0.00000000
f 451/451/451 452/452/452 453/453/453
v 0.25000000 0.75000000 0.98437500
vt 0.81835938 0.21875000
vn 0.00000000 0.00000000 -1.00000000
v 0.25000000 0.19374990 0.98437500
vt 0.81835938 0.25390625
vn 0.00000000 0.00000000 -1.00000000
v 0.00000000 0.44949708 0.98437500
vt 0.83362518 0.23774246
vn 0.00000000 0.00000000 -1.00000000
f 454/454/454 455/455/455 456/456/456
v 0.25000000 0.75000000 0.98437500
vt 0.81835938 0.21875000
vn 0.00000000 0.00000000 -1.00000000
v 0.00000000 0.44949708 0.98437500
vt 0.83362518 0.23774246
vn 0.00000000 0.00000000 -1.00000000
v 0.00000000 0.75000000 0.98437500
vt 0.83362518 0.21875000
vn 0.00000000 0.00000000 -1.00000000
f 457/457/457 458/458/458 459/459/459
v 0.25000000 0.19374990 0.98437500
vt 0.81835938 0.25390625
vn 0.00000000 0.00000000 -1.00000000
v 0.00000000 0.19374990 0.98437500
vt 0.83362518 0.25390625
vn 0.00000000 0.00000000 -1.00000000
v 0.00000000 0.44949708 0.98437500
vt 0.83362518 0.23774246
vn 0.00000000 0.00000000 -1.00000000
f 460/460/460 461/461/461 462/462/462
v 0.13124999 0.64374995 0.98750000
vt 0.87109375 0.30468750
vn 1.00000000 0.00000000 0.00000000
v 0.13124999 0.28125000 0.98750000
vt 0.87109375 0.32812500
vn 1.00000000 0.00000000 0.00000000
v 0.13124999 0.64374995 0.88125000
vt 0.87695312 0.30468750
vn 1.00000000 0.00000000 0.00000000
f 463/463/463 464/464/464 465/465/465
v 0.13124999 0.28125000 0.98750000
vt 0.87109375 0.32812500
vn 1.00000000 0.00000000 0.00000000
v 0.13124999 0.28125000 0.88125000
vt 0.87695312 0.32812500
vn 1.00000000 0.00000000 0.00000000
v 0.13124999 0.64374995 0.88125000
vt 0.87695312 0.30468750
vn 1.00000000 0.00000000 0.00000000
f 466/466/466 467/467/467 468/468/468
v 0.00000000 0.64374995 0.92678571
vt 0.93889509 0.44587054
vn 0.00000000 1.00000000 0.00000000
v 0.13124999 0.64374995 0.88125000
vt 0.94726562 0.44335938
vn 0.00000000 1.00000000 0.00000000
v 0.00000000 0.64374995 0.88125000
vt 0.93889509 0.44335938
vn 0.00000000 1.00000000 0.00000000
f 469/469/469 470/470/470 471/471/471
v 0.00000000 0.64374995 0.98750000
vt 0.93889509 0.44921875
vn 0.00000000 1.00000000 0.00000000
v 0.13124999 0.64374995 0.98750000
vt 0.94726562 0.44921875
vn 0.00000000 1.00000000 0.00000000
v 0.13124999 0.64374995 0.88125000
vt 0.94726562 0.44335938
vn 0.00000000 1.00000000 0.00000000
f 472/472/472 473/473/473 474/474/474
v 0.00000000 0.64374995 0.98750000
vt 0.93889509 0.44921875
vn 0.00000000 1.00000000 0.00000000
v 0.13124999 0.64374995 0.88125000
vt 0.94726562 0.44335938
vn 0.00000000 1.00000000 0.00000000
v 0.00000000 0.64374995 0.92678571
vt 0.93889509 0.44587054
vn 0.00000000 1.00000000 0.00000000
f 475/475/475 476/476/476 477/477/477
v 0.00000000 0.28125000 0.94196429
vt 0.96233259 0.44587054
vn 0.00000000 -1.00000000 0.00000000
v 0.13124999 0.28125000 0.98750000
vt 0.97070312 0.44335938
vn 0.00000000 -1.00000000 0.00000000
v 0.00000000 0.28125000 0.98750000
vt 0.96233259 0.44335938
vn 0.00000000 -1.00000000 0.00000000
f 478/478/478 479/479/479 480/480/480
v 0.00000000 0.28125000 0.88125000
vt 0.96233259 0.44921875
vn 0.00000000 -1.00000000 0.00000000
v 0.13124999 0.28125000 0.88125000
vt 0.97070312 0.44921875
vn 0.00000000 -1.00000000 0.00000000
v 0.13124999 0.28125000 0.98750000
vt 0.97070312 0.44335938
vn 0.00000000 -1.00000000 0.00000000
f 481/481/481 482/482/482 483/483/483
v 0.00000000 0.28125000 0.88125000
vt 0.96233259 0.44921875
vn 0.00000000 -1.00000000 0.00000000
v 0.13124999 0.28125000 0.98750000
vt 0.97070312 0.44335938
vn 0.00000000 -1.00000000 0.00000000
v 0.00000000 0.28125000 0.94196429
vt 0.96233259 0.44587054
vn 0.00000000 -1.00000000 0.00000000
f 484/484/484 485/485/485 486/486/486
v 0.00000000 0.48839283 0.98750000
vt 0.72209821 0.31473214
vn 0.00000000 0.00000000 1.00000000
v 0.13124999 0.64374995 0.98750000
vt 0.73046875 0.30468750
vn 0.00000000 0.00000000 1.00000000
v 0.00000000 0.64374995 0.98750000
vt 0.72209821 0.30468750
vn 0.00000000 0.00000000 1.00000000
f 487/487/487 488/488/488 489/489/489
v 0.00000000 0.28125000 0.98750000
vt 0.72209821 0.32812500
vn 0.00000000 0.00000000 1.00000000
v 0.13124999 0.28125000 0.98750000
vt 0.73046875 0.32812500
vn 0.00000000 0.00000000 1.00000000
v 0.13124999 0.64374995 0.98750000
vt 0.73046875 0.30468750
vn 0.00000000 0.00000000 1.00000000
f 490/490/490 491/491/491 492/492/492
v 0.00000000 0.28125000 0.98750000
vt 0.72209821 0.32812500
vn 0.00000000 0.00000000 1.00000000
v 0.13124999 0.64374995 0.98750000
vt 0.73046875 0.30468750
vn 0.00000000 0.00000000 1.00000000
v 0.00000000 0.48839283 0.98750000
vt 0.72209821 0.31473214
vn 0.00000000 0.00000000 1.00000000
f 493/493/493 494/494/494 495/495/495
v 0.13124999 0.64374995 0.88125000
vt 0.68750000 0.30468750
vn 0.00000000 0.00000000 -1.00000000
v 0.13124999 0.28125000 0.88125000
vt 0.68750000 0.32812500
vn 0.00000000 0.00000000 -1.00000000
v 0.00000000 0.43660712 0.88125000
vt 0.69587054 0.31808036
vn 0.00000000 0.00000000 -1.00000000
f 496/496/496 497/497/497 498/498/498
v 0.13124999 0.64374995 0.88125000
vt 0.68750000 0.30468750
vn 0.00000000 0.00000000 -1.00000000
v 0.00000000 0.43660712 0.88125000
vt 0.69587054 0.31808036
vn 0.00000000 0.00000000 -1.00000000
v 0.00000000 0.64374995 0.88125000
vt 0.69587054 0.30468750
vn 0.00000000 0.00000000 -1.00000000
f 499/499/499 500/500/500 501/501/501
v 0.13124999 0.28125000 0.88125000
vt 0.68750000 0.32812500
vn 0.00000000 0.00000000 -1.00000000
v 0.00000000 0.28125000 0.88125000
vt 0.69587054 0.32812500
vn 0.00000000 0.00000000 -1.00000000
v 0.00000000 0.43660712 0.88125000
vt 0.69587054 0.31808036
vn 0.00000000 0.00000000 -1.00000000
f 502/502/502 503/503/503 504/504/504
v 0.00937500 0.50000000 0.88750000
vt 0.88867188 0.40625000
vn 1.00000000 0.00000000 0.00000000
v 0.00937500 0.34999990 0.88750000
vt 0.88867188 0.41601562
vn 1.00000000 0.00000000 0.00000000
v 0.00937500 0.50000000 0.81562500
vt 0.89257812 0.40625000
vn 1.00000000 0.00000000 0.00000000
f 505/505/505 506/506/506 507/507/507
v 0.00937500 0.34999990 0.88750000
vt 0.88867188 0.41601562
vn 1.00000000 0.00000000 0.00000000
v 0.00937500 0.34999990 0.81562500
vt 0.89257812 0.41601562
vn 1.00000000 0.00000000 0.00000000
v 0.00937500 0.50000000 0.81562500
vt 0.89257812 0.40625000
vn 1.00000000 0.00000000 0.00000000
f 508/508/508 509/509/509 510/510/510
v 0.00000000 0.50000000 0.82697368
vt 0.29430510 0.47131990
vn 0.00000000 1.00000000 0.00000000
v 0.00937500 0.50000000 0.81562500
vt 0.29492188 0.47070312
vn 0.00000000 1.00000000 0.00000000
v 0.00000000 0.50000000 0.81562500
vt 0.29430510 0.47070312
vn 0.00000000 1.00000000 0.00000000
f 511/511/511 512/512/512 513/513/513
v 0.00000000 0.50000000 0.88750000
vt 0.29430510 0.47460938
vn 0.00000000 1.00000000 0.00000000
v 0.00937500 0.50000000 0.88750000
vt 0.29492188 0.47460938
vn 0.00000000 1.00000000 0.00000000
v 0.00937500 0.50000000 0.81562500
vt 0.29492188 0.47070312
vn 0.00000000 1.00000000 0.00000000
f 514/514/514 515/515/515 516/516/516
v 0.00000000 0.50000000 0.88750000
vt 0.29430510 0.47460938
vn 0.00000000 1.00000000 0.00000000
v 0.00937500 0.50000000 0.81562500
vt 0.29492188 0.47070312
vn 0.00000000 1.00000000 0.00000000
v 0.00000000 0.50000000 0.82697368
vt 0.29430510 0.47131990
vn 0.00000000 1.00000000 0.00000000
f 517/517/517 518/518/518 519/519/519
v 0.00000000 0.34999990 0.87615132
vt 0.30211760 0.47131990
vn 0.00000000 -1.00000000 0.00000000
v 0.00937500 0.34999990 0.88750000
vt 0.30273438 0.47070312
vn 0.00000000 -1.00000000 0.00000000
v 0.00000000 0.34999990 0.88750000
vt 0.30211760 0.47070312
vn 0.00000000 -1.00000000 0.00000000
f 520/520/520 521/521/521 522/522/522
v 0.00000000 0.34999990 0.81562500
vt 0.30211760 0.47460938
vn 0.00000000 -1.00000000 0.00000000
v 0.00937500 0.34999990 0.81562500
vt 0.30273438 0.47460938
vn 0.00000000 -1.00000000 0.00000000
v 0.00937500 0.34999990 0.88750000
vt 0.30273438 0.47070312
vn 0.00000000 -1.00000000 0.00000000
f 523/523/523 524/524/524 525/525/525
v 0.00000000 0.34999990 0.81562500
vt 0.30211760 0.47460938
vn 0.00000000 -1.00000000 0.00000000
v 0.00937500 0.34999990 0.88750000
vt 0.30273438 0.47070312
vn 0.00000000 -1.00000000 0.00000000
v 0.00000000 0.34999990 0.87615132
vt 0.30211760 0.47131990
vn 0.00000000 -1.00000000 0.00000000
f 526/526/526 527/527/527 528/528/528
v 0.00000000 0.47631577 0.88750000
vt 0.88414885 0.40779194
vn 0.00000000 0.00000000 1.00000000
v 0.00937500 0.50000000 0.88750000
vt 0.88476562 0.40625000
vn 0.00000000 0.00000000 1.00000000
v 0.00000000 0.50000000 0.88750000
vt 0.88414885 0.40625000
vn 0.00000000 0.00000000 1.00000000
f 529/529/529 530/530/530 531/531/531
v 0.00000000 0.34999990 0.88750000
vt 0.88414885 0.41601562
vn 0.00000000 0.00000000 1.00000000
v 0.00937500 0.34999990 0.88750000
vt 0.88476562 0.41601562
vn 0.00000000 0.00000000 1.00000000
v 0.00937500 0.50000000 0.88750000
vt 0.88476562 0.40625000
vn 0.00000000 0.00000000 1.00000000
f 532/532/532 533/533/533 534/534/534
v 0.00000000 0.34999990 0.88750000
vt 0.88414885 0.41601562
vn 0.00000000 0.00000000 1.00000000
v 0.00937500 0.50000000 0.88750000
vt 0.88476562 0.40625000
vn 0.00000000 0.00000000 1.00000000
v 0.00000000 0.47631577 0.88750000
vt 0.88414885 0.40779194
vn 0.00000000 0.00000000 1.00000000
f 535/535/535 536/536/536 537/537/537
v 0.00937500 0.50000000 0.81562500
vt 0.87304688 0.40625000
vn 0.00000000 0.00000000 -1.00000000
v 0.00937500 0.34999990 0.81562500
vt 0.87304688 0.41601562
vn 0.00000000 0.00000000 -1.00000000
v 0.00000000 0.37368413 0.81562500
vt 0.87366365 0.41447368
vn 0.00000000 0.00000000 -1.00000000
f 538/538/538 539/539/539 540/540/540
v 0.00937500 0.50000000 0.81562500
vt 0.87304688 0.40625000
vn 0.00000000 0.00000000 -1.00000000
v 0.00000000 0.37368413 0.81562500
vt 0.87366365 0.41447368
vn 0.00000000 0.00000000 -1.00000000
v 0.00000000 0.50000000 0.81562500
vt 0.87366365 0.40625000
vn 0.00000000 0.00000000 -1.00000000
f 541/541/541 542/542/542 543/543/543
v 0.00937500 0.34999990 0.81562500
vt 0.87304688 0.41601562
vn 0.00000000 0.00000000 -1.00000000
v 0.00000000 0.34999990 0.81562500
vt 0.87366365 0.41601562
vn 0.00000000 0.00000000 -1.00000000
v 0.00000000 0.37368413 0.81562500
vt 0.87366365 0.41447368
vn 0.00000000 0.00000000 -1.00000000
f 544/544/544 545/545/545 546/546/546
v 0.08750000 0.23333325 1.00000000
vt 0.17838542 0.45849609
vn 1.00000000 0.00000000 0.00000000
v 0.08750000 0.32500005 0.89687500
vt 0.18554688 0.45312500
vn 1.00000000 0.00000000 0.00000000
v 0.08750000 0.32500005 1.00000000
vt 0.17838542 0.45312500
vn 1.00000000 0.00000000 0.00000000
f 547/547/547 548/548/548 549/549/549
v 0.08750000 0.22499990 1.00000000
vt 0.17838542 0.45898438
vn 1.00000000 0.00000000 0.00000000
v 0.08750000 0.22499990 0.89687500
vt 0.18554688 0.45898438
vn 1.00000000 0.00000000 0.00000000
v 0.08750000 0.32500005 0.89687500
vt 0.18554688 0.45312500
vn 1.00000000 0.00000000 0.00000000
f 550/550/550 551/551/551 552/552/552
v 0.08750000 0.22499990 1.00000000
vt 0.17838542 0.45898438
vn 1.00000000 0.00000000 0.00000000
v 0.08750000 0.32500005 0.89687500
vt 0.18554688 0.45312500
vn 1.00000000 0.00000000 0.00000000
v 0.08750000 0.23333325 1.00000000
vt 0.17838542 0.45849609
vn 1.00000000 0.00000000 0.00000000
f 553/553/553 554/554/554 555/555/555
v 0.00000000 0.32500005 0.94460227
vt 0.00982481 0.43495502
vn 0.00000000 1.00000000 0.00000000
v 0.08750000 0.32500005 0.89687500
vt 0.01562500 0.43164062
vn 0.00000000 1.00000000 0.00000000
v 0.00000000 0.32500005 0.89687500
vt 0.00982481 0.43164062
vn 0.00000000 1.00000000 0.00000000
f 556/556/556 557/557/557 558/558/558
v 0.08750000 0.32500005 1.00000000
vt 0.01562500 0.43880208
vn 0.00000000 1.00000000 0.00000000
v 0.08750000 0.32500005 0.89687500
vt 0.01562500 0.43164062
vn 0.00000000 1.00000000 0.00000000
v 0.00000000 0.32500005 0.94460227
vt 0.00982481 0.43495502
vn 0.00000000 1.00000000 0.00000000
f 559/559/559 560/560/560 561/561/561
v 0.08750000 0.32500005 1.00000000
vt 0.01562500 0.43880208
vn 0.00000000 1.00000000 0.00000000
v 0.00000000 0.32500005 0.94460227
vt 0.00982481 0.43495502
vn 0.00000000 1.00000000 0.00000000
v 0.00000000 0.32500005 1.00000000
vt 0.00982481 0.43880208
vn 0.00000000 1.00000000 0.00000000
f 562/562/562 563/563/563 564/564/564
v 0.00000000 0.22499990 0.96164773
vt 0.02740294 0.43495502
vn 0.00000000 -1.00000000 0.00000000
v 0.07031250 0.22499990 1.00000000
vt 0.03206380 0.43229167
vn 0.00000000 -1.00000000 0.00000000
v 0.00000000 0.22499990 1.00000000
vt 0.02740294 0.43229167
vn 0.00000000 -1.00000000 0.00000000
f 565/565/565 566/566/566 567/567/567
v 0.00000000 0.22499990 0.89687500
vt 0.02740294 0.43945312
vn 0.00000000 -1.00000000 0.00000000
v 0.08750000 0.22499990 0.89687500
vt 0.03320312 0.43945312
vn 0.00000000 -1.00000000 0.00000000
v 0.08750000 0.22499990 1.00000000
vt 0.03320312 0.43229167
vn 0.00000000 -1.00000000 0.00000000
f 568/568/568 569/569/569 570/570/570
v 0.00000000 0.22499990 0.89687500
vt 0.02740294 0.43945312
vn 0.00000000 -1.00000000 0.00000000
v 0.08750000 0.22499990 1.00000000
vt 0.03320312 0.43229167
vn 0.00000000 -1.00000000 0.00000000
v 0.07031250 0.22499990 1.00000000
vt 0.03206380 0.43229167
vn 0.00000000 -1.00000000 0.00000000
f 571/571/571 572/572/572 573/573/573
v 0.00000000 0.22499990 0.89687500
vt 0.02740294 0.43945312
vn 0.00000000 -1.00000000 0.00000000
v 0.07031250 0.22499990 1.00000000
vt 0.03206380 0.43229167
vn 0.00000000 -1.00000000 0.00000000
v 0.00000000 0.22499990 0.96164773
vt 0.02740294 0.43495502
vn 0.00000000 -1.00000000 0.00000000
f 574/574/574 575/575/575 576/576/576
v 0.08750000 0.32500005 0.89687500
vt 0.06445312 0.45312500
vn 0.00000000 0.00000000 -1.00000000
v 0.08750000 0.22499990 0.89687500
vt 0.06445312 0.45898438
vn 0.00000000 0.00000000 -1.00000000
v 0.00000000 0.26742421 0.89687500
vt 0.07025331 0.45649858
vn 0.00000000 0.00000000 -1.00000000
f 577/577/577 578/578/578 579/579/579
v 0.08750000 0.32500005 0.89687500
vt 0.06445312 0.45312500
vn 0.00000000 0.00000000 -1.00000000
v 0.00000000 0.26742421 0.89687500
vt 0.07025331 0.45649858
vn 0.00000000 0.00000000 -1.00000000
v 0.00000000 0.32500005 0.89687500
vt 0.07025331 0.45312500
vn 0.00000000 0.00000000 -1.00000000
f 580/580/580 581/581/581 582/582/582
v 0.08750000 0.22499990 0.89687500
vt 0.06445312 0.45898438
vn 0.00000000 0.00000000 -1.00000000
v 0.00000000 0.22499990 0.89687500
vt 0.07025331 0.45898438
vn 0.00000000 0.00000000 -1.00000000
v 0.00000000 0.26742421 0.89687500
vt 0.07025331 0.45649858
vn 0.00000000 0.00000000 -1.00000000
f 583/583/583 584/584/584 585/585/585
v 0.68579646 0.00000000 1.00000000
vt 0.35414907 0.30499763
vn 0.97814760 0.20791169 0.00000000
v 0.68579646 0.00000000 0.83064913
vt 0.36487653 0.30499763
vn 0.97814760 0.20791169 0.00000000
v 0.68474892 0.00492831 0.82500000
vt 0.36523438 0.30468750
vn 0.97814760 0.20791169 0.00000000
f 586/586/586 587/587/587 588/588/588
v 0.68579646 0.00000000 1.00000000
vt 0.35414907 0.30499763
vn 0.97814760 0.20791169 0.00000000
v 0.68474892 0.00492831 0.82500000
vt 0.36523438 0.30468750
vn 0.97814760 0.20791169 0.00000000
v 0.68474892 0.00492831 1.00000000
vt 0.35414907 0.30468750
vn 0.97814760 0.20791169 0.00000000
f 589/589/589 590/590/590 591/591/591
v 0.68579646 0.00000000 0.82500000
vt 0.36523438 0.30499763
vn 0.97814760 0.20791169 0.00000000
v 0.68474892 0.00492831 0.82500000
vt 0.36523438 0.30468750
vn 0.97814760 0.20791169 0.00000000
v 0.68579646 0.00000000 0.83064913
vt 0.36487653 0.30499763
vn 0.97814760 0.20791169 0.00000000
f 592/592/592 593/593/593 594/594/594
v 0.66156302 0.00000000 0.85809599
vt 0.15666573 0.30678395
vn -0.20791169 0.97814760 0.00000000
v 0.68474892 0.00492831 0.82500000
vt 0.15820312 0.30468750
vn -0.20791169 0.97814760 0.00000000
v 0.66156302 0.00000000 0.82500000
vt 0.15666573 0.30468750
vn -0.20791169 0.97814760 0.00000000
f 595/595/595 596/596/596 597/597/597
v 0.68474892 0.00492831 1.00000000
vt 0.15820312 0.31577280
vn -0.20791169 0.97814760 0.00000000
v 0.68474892 0.00492831 0.82500000
vt 0.15820312 0.30468750
vn -0.20791169 0.97814760 0.00000000
v 0.66156302 0.00000000 0.85809599
vt 0.15666573 0.30678395
vn -0.20791169 0.97814760 0.00000000
f 598/598/598 599/599/599 600/600/600
v 0.68474892 0.00492831 1.00000000
vt 0.15820312 0.31577280
vn -0.20791169 0.97814760 0.00000000
v 0.66156302 0.00000000 0.85809599
vt 0.15666573 0.30678395
vn -0.20791169 0.97814760 0.00000000
v 0.66156302 0.00000000 1.00000000
vt 0.15666573 0.31577280
vn -0.20791169 0.97814760 0.00000000
f 601/601/601 602/602/602 603/603/603
v 0.68474892 0.00492831 0.82500000
vt 0.40234375 0.30468750
vn 0.00000000 0.00000000 -1.00000000
v 0.68579646 0.00000000 0.82500000
vt 0.40234375 0.30499763
vn 0.00000000 0.00000000 -1.00000000
v 0.66156302 0.00000000 0.82500000
vt 0.40388115 0.30468750
vn 0.00000000 0.00000000 -1.00000000
f 604/604/604 605/605/605 606/606/606
v 0.74218750 0.51874995 0.40312499
vt 0.30664062 0.47070312
vn 1.00000000 0.00000000 0.00000000
v 0.74218750 0.47187495 0.40312499
vt 0.30664062 0.47460938
vn 1.00000000 0.00000000 0.00000000
v 0.74218750 0.51874995 0.33125001
vt 0.31054688 0.47070312
vn 1.00000000 0.00000000 0.00000000
f 607/607/607 608/608/608 609/609/609
v 0.74218750 0.47187495 0.40312499
vt 0.30664062 0.47460938
vn 1.00000000 0.00000000 0.00000000
v 0.74218750 0.47187495 0.33125001
vt 0.31054688 0.47460938
vn 1.00000000 0.00000000 0.00000000
v 0.74218750 0.51874995 0.33125001
vt 0.31054688 0.47070312
vn 1.00000000 0.00000000 0.00000000
f 610/610/610 611/611/611 612/612/612
v 0.50781250 0.51874995 0.33125001
vt 0.31445312 0.47070312
vn -1.00000000 0.00000000 0.00000000
v 0.50781250 0.47187495 0.33125001
vt 0.31445312 0.47460938
vn -1.00000000 0.00000000 0.00000000
v 0.50781250 0.51874995 0.40312499
vt 0.31835938 0.47070312
vn -1.00000000 0.00000000 0.00000000
f 613/613/613 614/614/614 615/615/615
v 0.50781250 0.47187495 0.33125001
vt 0.31445312 0.47460938
vn -1.00000000 0.00000000 0.00000000
v 0.50781250 0.47187495 0.40312499
vt 0.31835938 0.47460938
vn -1.00000000 0.00000000 0.00000000
v 0.50781250 0.51874995 0.40312499
vt 0.31835938 0.47070312
vn -1.00000000 0.00000000 0.00000000
f 616/616/616 617/617/617 618/618/618
v 0.50781250 0.51874995 0.33125001
vt 0.79492188 0.46289062
vn 0.00000000 1.00000000 0.00000000
v 0.50781250 0.51874995 0.40312499
vt 0.79492188 0.46679688
vn 0.00000000 1.00000000 0.00000000
v 0.74218750 0.51874995 0.33125001
vt 0.81054688 0.46289062
vn 0.00000000 1.00000000 0.00000000
f 619/619/619 620/620/620 621/621/621
v 0.50781250 0.51874995 0.40312499
vt 0.79492188 0.46679688
vn 0.00000000 1.00000000 0.00000000
v 0.74218750 0.51874995 0.40312499
vt 0.81054688 0.46679688
vn 0.00000000 1.00000000 0.00000000
v 0.74218750 0.51874995 0.33125001
vt 0.81054688 0.46289062
vn 0.00000000 1.00000000 0.00000000
f 622/622/622 623/623/623 624/624/624
v 0.50781250 0.47187495 0.40312499
vt 0.81445312 0.46289062
vn 0.00000000 -1.00000000 0.00000000
v 0.50781250 0.47187495 0.33125001
vt 0.81445312 0.46679688
vn 0.00000000 -1.00000000 0.00000000
v 0.74218750 0.47187495 0.40312499
vt 0.83007812 0.46289062
vn 0.00000000 -1.00000000 0.00000000
f 625/625/625 626/626/626 627/627/627
v 0.50781250 0.47187495 0.33125001
vt 0.81445312 0.46679688
vn 0.00000000 -1.00000000 0.00000000
v 0.74218750 0.47187495 0.33125001
vt 0.83007812 0.46679688
vn 0.00000000 -1.00000000 0.00000000
v 0.74218750 0.47187495 0.40312499
vt 0.83007812 0.46289062
vn 0.00000000 -1.00000000 0.00000000
f 628/628/628 629/629/629 630/630/630
usemtl token
v 0.50781250 0.51874995 0.40312499
vt 0.68750000 0.12500000
vn 0.00000000 0.00000000 1.00000000
v 0.50781250 0.47187495 0.40312499
vt 0.68750000 0.18750000
vn 0.00000000 0.00000000 1.00000000
v 0.74218750 0.51874995 0.40312499
vt 0.37500000 0.12500000
vn 0.00000000 0.00000000 1.00000000
f 631/631/631 632/632/632 633/633/633
v 0.50781250 0.47187495 0.40312499
vt 0.68750000 0.18750000
vn 0.00000000 0.00000000 1.00000000
v 0.74218750 0.47187495 0.40312499
vt 0.37500000 0.18750000
vn 0.00000000 0.00000000 1.00000000
v 0.74218750 0.51874995 0.40312499
vt 0.37500000 0.12500000
vn 0.00000000 0.00000000 1.00000000
f 634/634/634 635/635/635 636/636/636
v 0.74218750 0.51874995 0.33125001
vt 0.37500000 0.12500000
vn 0.00000000 0.00000000 -1.00000000
v 0.74218750 0.47187495 0.33125001
vt 0.37500000 0.18750000
vn 0.00000000 0.00000000 -1.00000000
v 0.50781250 0.51874995 0.33125001
vt 0.68750000 0.12500000
vn 0.00000000 0.00000000 -1.00000000
f 637/637/637 638/638/638 639/639/639
v 0.74218750 0.47187495 0.33125001
vt 0.37500000 0.18750000
vn 0.00000000 0.00000000 -1.00000000
v 0.50781250 0.47187495 0.33125001
vt 0.68750000 0.18750000
vn 0.00000000 0.00000000 -1.00000000
v 0.50781250 0.51874995 0.33125001
vt 0.68750000 0.12500000
vn 0.00000000 0.00000000 -1.00000000
f 640/640/640 641/641/641 642/642/642
usemtl stone
v 0.83593750 0.47187495 0.40312499
vt 0.32226562 0.47070312
vn 1.00000000 0.00000000 0.00000000
v 0.83593750 0.42499995 0.40312499
vt 0.32226562 0.47460938
vn 1.00000000 0.00000000 0.00000000
v 0.83593750 0.47187495 0.33125001
vt 0.32617188 0.47070312
vn 1.00000000 0.00000000 0.00000000
f 643/643/643 644/644/644 645/645/645
v 0.83593750 0.42499995 0.40312499
vt 0.32226562 0.47460938
vn 1.00000000 0.00000000 0.00000000
v 0.83593750 0.42499995 0.33125001
vt 0.32617188 0.47460938
vn 1.00000000 0.00000000 0.00000000
v 0.83593750 0.47187495 0.33125001
vt 0.32617188 0.47070312
vn 1.00000000 0.00000000 0.00000000
f 646/646/646 647/647/647 648/648/648
v 0.41406250 0.47187495 0.33125001
vt 0.33007812 0.47070312
vn -1.00000000 0.00000000 0.00000000
v 0.41406250 0.42499995 0.33125001
vt 0.33007812 0.47460938
vn -1.00000000 0.00000000 0.00000000
v 0.41406250 0.47187495 0.40312499
vt 0.33398438 0.47070312
vn -1.00000000 0.00000000 0.00000000
f 649/649/649 650/650/650 651/651/651
v 0.41406250 0.42499995 0.33125001
vt 0.33007812 0.47460938
vn -1.00000000 0.00000000 0.00000000
v 0.41406250 0.42499995 0.40312499
vt 0.33398438 0.47460938
vn -1.00000000 0.00000000 0.00000000
v 0.41406250 0.47187495 0.40312499
vt 0.33398438 0.47070312
vn -1.00000000 0.00000000 0.00000000
f 652/652/652 653/653/653 654/654/654
v 0.41406250 0.47187495 0.33125001
vt 0.66992188 0.46289062
vn 0.00000000 1.00000000 0.00000000
v 0.41406250 0.47187495 0.40312499
vt 0.66992188 0.46679688
vn 0.00000000 1.00000000 0.00000000
v 0.83593750 0.47187495 0.33125001
vt 0.69726562 0.46289062
vn 0.00000000 1.00000000 0.00000000
f 655/655/655 656/656/656 657/657/657
v 0.41406250 0.47187495 0.40312499
vt 0.66992188 0.46679688
vn 0.00000000 1.00000000 0.00000000
v 0.83593750 0.47187495 0.40312499
vt 0.69726562 0.46679688
vn 0.00000000 1.00000000 0.00000000
v 0.83593750 0.47187495 0.33125001
vt 0.69726562 0.46289062
vn 0.00000000 1.00000000 0.00000000
f 658/658/658 659/659/659 660/660/660
v 0.41406250 0.42499995 0.40312499
vt 0.70117188 0.46289062
vn 0.00000000 -1.00000000 0.00000000
v 0.41406250 0.42499995 0.33125001
vt 0.70117188 0.46679688
vn 0.00000000 -1.00000000 0.00000000
v 0.83593750 0.42499995 0.40312499
vt 0.72851562 0.46289062
vn 0.00000000 -1.00000000 0.00000000
f 661/661/661 662/662/662 663/663/663
v 0.41406250 0.42499995 0.33125001
vt 0.70117188 0.46679688
vn 0.00000000 -1.00000000 0.00000000
v 0.83593750 0.42499995 0.33125001
vt 0.72851562 0.46679688
vn 0.00000000 -1.00000000 0.00000000
v 0.83593750 0.42499995 0.40312499
vt 0.72851562 0.46289062
vn 0.00000000 -1.00000000 0.00000000
f 664/664/664 665/665/665 666/666/666
usemtl token
v 0.41406250 0.47187495 0.40312499
vt 0.81250000 0.18750000
vn 0.00000000 0.00000000 1.00000000
v 0.41406250 0.42499995 0.40312499
vt 0.81250000 0.25000000
vn 0.00000000 0.00000000 1.00000000
v 0.83593750 0.47187495 0.40312499
vt 0.25000000 0.18750000
vn 0.00000000 0.00000000 1.00000000
f 667/667/667 668/668/668 669/669/669
v 0.41406250 0.42499995 0.40312499
vt 0.81250000 0.25000000
vn 0.00000000 0.00000000 1.00000000
v 0.83593750 0.42499995 0.40312499
vt 0.25000000 0.25000000
vn 0.00000000 0.00000000 1.00000000
v 0.83593750 0.47187495 0.40312499
vt 0.25000000 0.18750000
vn 0.00000000 0.00000000 1.00000000
f 670/670/670 671/671/671 672/672/672
v 0.83593750 0.47187495 0.33125001
vt 0.25000000 0.18750000
vn 0.00000000 0.00000000 -1.00000000
v 0.83593750 0.42499995 0.33125001
vt 0.25000000 0.25000000
vn 0.00000000 0.00000000 -1.00000000
v 0.41406250 0.47187495 0.33125001
vt 0.81250000 0.18750000
vn 0.00000000 0.00000000 -1.00000000
f 673/673/673 674/674/674 675/675/675
v 0.83593750 0.42499995 0.33125001
vt 0.25000000 0.25000000
vn 0.00000000 0.00000000 -1.00000000
v 0.41406250 0.42499995 0.33125001
vt 0.81250000 0.25000000
vn 0.00000000 0.00000000 -1.00000000
v 0.41406250 0.47187495 0.33125001
vt 0.81250000 0.18750000
vn 0.00000000 0.00000000 -1.00000000
f 676/676/676 677/677/677 678/678/678
usemtl stone
v 0.88281250 0.42499995 0.40312499
vt 0.33789062 0.47070312
vn 1.00000000 0.00000000 0.00000000
v 0.88281250 0.37812495 0.40312499
vt 0.33789062 0.47460938
vn 1.00000000 0.00000000 0.00000000
v 0.88281250 0.42499995 0.33125001
vt 0.34179688 0.47070312
vn 1.00000000 0.00000000 0.00000000
f 679/679/679 680/680/680 681/681/681
v 0.88281250 0.37812495 0.40312499
vt 0.33789062 0.47460938
vn 1.00000000 0.00000000 0.00000000
v 0.88281250 0.37812495 0.33125001
vt 0.34179688 0.47460938
vn 1.00000000 0.00000000 0.00000000
v 0.88281250 0.42499995 0.33125001
vt 0.34179688 0.47070312
vn 1.00000000 0.00000000 0.00000000
f 682/682/682 683/683/683 684/684/684
v 0.36718750 0.42499995 0.33125001
vt 0.34570312 0.47070312
vn -1.00000000 0.00000000 0.00000000
v 0.36718750 0.37812495 0.33125001
vt 0.34570312 0.47460938
vn -1.00000000 0.00000000 0.00000000
v 0.36718750 0.42499995 0.40312499
vt 0.34960938 0.47070312
vn -1.00000000 0.00000000 0.00000000
f 685/685/685 686/686/686 687/687/687
v 0.36718750 0.37812495 0.33125001
vt 0.34570312 0.47460938
vn -1.00000000 0.00000000 0.00000000
v 0.36718750 0.37812495 0.40312499
vt 0.34960938 0.47460938
vn -1.00000000 0.00000000 0.00000000
v 0.36718750 0.42499995 0.40312499
vt 0.34960938 0.47070312
vn -1.00000000 0.00000000 0.00000000
f 688/688/688 689/689/689 690/690/690
v 0.36718750 0.42499995 0.33125001
vt 0.38867188 0.46289062
vn 0.00000000 1.00000000 0.00000000
v 0.36718750 0.42499995 0.40312499
vt 0.38867188 0.46679688
vn 0.00000000 1.00000000 0.00000000
v 0.88281250 0.42499995 0.33125001
vt 0.41992188 0.46289062
vn 0.00000000 1.00000000 0.00000000
f 691/691/691 692/692/692 693/693/693
v 0.36718750 0.42499995 0.40312499
vt 0.38867188 0.46679688
vn 0.00000000 1.00000000 0.00000000
v 0.88281250 0.42499995 0.40312499
vt 0.41992188 0.46679688
vn 0.00000000 1.00000000 0.00000000
v 0.88281250 0.42499995 0.33125001
vt 0.41992188 0.46289062
vn 0.00000000 1.00000000 0.00000000
f 694/694/694 695/695/695 696/696/696
v 0.36718750 0.37812495 0.40312499
vt 0.42382812 0.46289062
vn 0.00000000 -1.00000000 0.00000000
v 0.36718750 0.37812495 0.33125001
vt 0.42382812 0.46679688
vn 0.00000000 -1.00000000 0.00000000
v 0.88281250 0.37812495 0.40312499
vt 0.45507812 0.46289062
vn 0.00000000 -1.00000000 0.00000000
f 697/697/697 698/698/698 699/699/699
v 0.36718750 0.37812495 0.33125001
vt 0.42382812 0.46679688
vn 0.00000000 -1.00000000 0.00000000
v 0.88281250 0.37812495 0.33125001
vt 0.45507812 0.46679688
vn 0.00000000 -1.00000000 0.00000000
v 0.88281250 0.37812495 0.40312499
vt 0.45507812 0.46289062
vn 0.00000000 -1.00000000 0.00000000
f 700/700/700 701/701/701 702/702/702
usemtl token
v 0.36718750 0.42499995 0.40312499
vt 0.87500000 0.25000000
vn 0.00000000 0.00000000 1.00000000
v 0.36718750 0.37812495 0.40312499
vt 0.87500000 0.31250000
vn 0.00000000 0.00000000 1.00000000
v 0.88281250 0.42499995 0.40312499
vt 0.18750000 0.25000000
vn 0.00000000 0.00000000 1.00000000
f 703/703/703 704/704/704 705/705/705
v 0.36718750 0.37812495 0.40312499
vt 0.87500000 0.31250000
vn 0.00000000 0.00000000 1.00000000
v 0.88281250 0.37812495 0.40312499
vt 0.18750000 0.31250000
vn 0.00000000 0.00000000 1.00000000
v 0.88281250 0.42499995 0.40312499
vt 0.18750000 0.25000000
vn 0.00000000 0.00000000 1.00000000
f 706/706/706 707/707/707 708/708/708
v 0.88281250 0.42499995 0.33125001
vt 0.18750000 0.25000000
vn 0.00000000 0.00000000 -1.00000000
v 0.88281250 0.37812495 0.33125001
vt 0.18750000 0.31250000
vn 0.00000000 0.00000000 -1.00000000
v 0.36718750 0.42499995 0.33125001
vt 0.87500000 0.25000000
vn 0.00000000 0.00000000 -1.00000000
f 709/709/709 710/710/710 711/711/711
v 0.88281250 0.37812495 0.33125001
vt 0.18750000 0.31250000
vn 0.00000000 0.00000000 -1.00000000
v 0.36718750 0.37812495 0.33125001
vt 0.87500000 0.31250000
vn 0.00000000 0.00000000 -1.00000000
v 0.36718750 0.42499995 0.33125001
vt 0.87500000 0.25000000
vn 0.00000000 0.00000000 -1.00000000
f 712/712/712 713/713/713 714/714/714
usemtl stone
v 0.88281250 0.37812495 0.40312499
vt 0.35351562 0.47070312
vn 1.00000000 0.00000000 0.00000000
v 0.88281250 0.33124995 0.40312499
vt 0.35351562 0.47460938
vn 1.00000000 0.00000000 0.00000000
v 0.88281250 0.37812495 0.33125001
vt 0.35742188 0.47070312
vn 1.00000000 0.00000000 0.00000000
f 715/715/715 716/716/716 717/717/717
v 0.88281250 0.33124995 0.40312499
vt 0.35351562 0.47460938
vn 1.00000000 0.00000000 0.00000000
v 0.88281250 0.33124995 0.33125001
vt 0.35742188 0.47460938
vn 1.00000000 0.00000000 0.00000000
v 0.88281250 0.37812495 0.33125001
vt 0.35742188 0.47070312
vn 1.00000000 0.00000000 0.00000000
f 718/718/718 719/719/719 720/720/720
v 0.36718750 0.37812495 0.33125001
vt 0.36132812 0.47070312
vn -1.00000000 0.00000000 0.00000000
v 0.36718750 0.33124995 0.33125001
vt 0.36132812 0.47460938
vn -1.00000000 0.00000000 0.00000000
v 0.36718750 0.37812495 0.40312499
vt 0.36523438 0.47070312
vn -1.00000000 0.00000000 0.00000000
f 721/721/721 722/722/722 723/723/723
v 0.36718750 0.33124995 0.33125001
vt 0.36132812 0.47460938
vn -1.00000000 0.00000000 0.00000000
v 0.36718750 0.33124995 0.40312499
vt 0.36523438 0.47460938
vn -1.00000000 0.00000000 0.00000000
v 0.36718750 0.37812495 0.40312499
vt 0.36523438 0.47070312
vn -1.00000000 0.00000000 0.00000000
f 724/724/724 725/725/725 726/726/726
v 0.36718750 0.37812495 0.33125001
vt 0.45898438 0.46289062
vn 0.00000000 1.00000000 0.00000000
v 0.36718750 0.37812495 0.40312499
vt 0.45898438 0.46679688
vn 0.00000000 1.00000000 0.00000000
v 0.88281250 0.37812495 0.33125001
vt 0.49023438 0.46289062
vn 0.00000000 1.00000000 0.00000000
f 727/727/727 728/728/728 729/729/729
v 0.36718750 0.37812495 0.40312499
vt 0.45898438 0.46679688
vn 0.00000000 1.00000000 0.00000000
v 0.88281250 0.37812495 0.40312499
vt 0.49023438 0.46679688
vn 0.00000000 1.00000000 0.00000000
v 0.88281250 0.37812495 0.33125001
vt 0.49023438 0.46289062
vn 0.00000000 1.00000000 0.00000000
f 730/730/730 731/731/731 732/732/732
v 0.36718750 0.33124995 0.40312499
vt 0.49414062 0.46289062
vn 0.00000000 -1.00000000 0.00000000
v 0.36718750 0.33124995 0.33125001
vt 0.49414062 0.46679688
vn 0.00000000 -1.00000000 0.00000000
v 0.88281250 0.33124995 0.40312499
vt 0.52539062 0.46289062
vn 0.00000000 -1.00000000 0.00000000
f 733/733/733 734/734/734 735/735/735
v 0.36718750 0.33124995 0.33125001
vt 0.49414062 0.46679688
vn 0.00000000 -1.00000000 0.00000000
v 0.88281250 0.33124995 0.33125001
vt 0.52539062 0.46679688
vn 0.00000000 -1.00000000 0.00000000
v 0.88281250 0.33124995 0.40312499
vt 0.52539062 0.46289062
vn 0.00000000 -1.00000000 0.00000000
f 736/736/736 737/737/737 738/738/738
usemtl token
v 0.36718750 0.37812495 0.40312499
vt 0.87500000 0.31250000
vn 0.00000000 0.00000000 1.00000000
v 0.36718750 0.33124995 0.40312499
vt 0.87500000 0.37500000
vn 0.00000000 0.00000000 1.00000000
v 0.88281250 0.37812495 0.40312499
vt 0.18750000 0.31250000
vn 0.00000000 0.00000000 1.00000000
f 739/739/739 740/740/740 741/741/741
v 0.36718750 0.33124995 0.40312499
vt 0.87500000 0.37500000
vn 0.00000000 0.00000000 1.00000000
v 0.88281250 0.33124995 0.40312499
vt 0.18750000 0.37500000
vn 0.00000000 0.00000000 1.00000000
v 0.88281250 0.37812495 0.40312499
vt 0.18750000 0.31250000
vn 0.00000000 0.00000000 1.00000000
f 742/742/742 743/743/743 744/744/744
v 0.88281250 0.37812495 0.33125001
vt 0.18750000 0.31250000
vn 0.00000000 0.00000000 -1.00000000
v 0.88281250 0.33124995 0.33125001
vt 0.18750000 0.37500000
vn 0.00000000 0.00000000 -1.00000000
v 0.36718750 0.37812495 0.33125001
vt 0.87500000 0.31250000
vn 0.00000000 0.00000000 -1.00000000
f 745/745/745 746/746/746 747/747/747
v 0.88281250 0.33124995 0.33125001
vt 0.18750000 0.37500000
vn 0.00000000 0.00000000 -1.00000000
v 0.36718750 0.33124995 0.33125001
vt 0.87500000 0.37500000
vn 0.00000000 0.00000000 -1.00000000
v 0.36718750 0.37812495 0.33125001
vt 0.87500000 0.31250000
vn 0.00000000 0.00000000 -1.00000000
f 748/748/748 749/749/749 750/750/750
usemtl stone
v 0.92968750 0.33124995 0.40312499
vt 0.36914062 0.47070312
vn 1.00000000 0.00000000 0.00000000
v 0.92968750 0.28437495 0.40312499
vt 0.36914062 0.47460938
vn 1.00000000 0.00000000 0.00000000
v 0.92968750 0.33124995 0.33125001
vt 0.37304688 0.47070312
vn 1.00000000 0.00000000 0.00000000
f 751/751/751 752/752/752 753/753/753
v 0.92968750 0.28437495 0.40312499
vt 0.36914062 0.47460938
vn 1.00000000 0.00000000 0.00000000
v 0.92968750 0.28437495 0.33125001
vt 0.37304688 0.47460938
vn 1.00000000 0.00000000 0.00000000
v 0.92968750 0.33124995 0.33125001
vt 0.37304688 0.47070312
vn 1.00000000 0.00000000 0.00000000
f 754/754/754 755/755/755 756/756/756
v 0.32031250 0.33124995 0.33125001
vt 0.37695312 0.47070312
vn -1.00000000 0.00000000 0.00000000
v 0.32031250 0.28437495 0.33125001
vt 0.37695312 0.47460938
vn -1.00000000 0.00000000 0.00000000
v 0.32031250 0.33124995 0.40312499
vt 0.38085938 0.47070312
vn -1.00000000 0.00000000 0.00000000
f 757/757/757 758/758/758 759/759/759
v 0.32031250 0.28437495 0.33125001
vt 0.37695312 0.47460938
vn -1.00000000 0.00000000 0.00000000
v 0.32031250 0.28437495 0.40312499
vt 0.38085938 0.47460938
vn -1.00000000 0.00000000 0.00000000
v 0.32031250 0.33124995 0.40312499
vt 0.38085938 0.47070312
vn -1.00000000 0.00000000 0.00000000
f 760/760/760 761/761/761 762/762/762
v 0.32031250 0.33124995 0.33125001
vt 0.95898438 0.45312500
vn 0.00000000 1.00000000 0.00000000
v 0.32031250 0.33124995 0.40312499
vt 0.95898438 0.45703125
vn 0.00000000 1.00000000 0.00000000
v 0.92968750 0.33124995 0.33125001
vt 0.99804688 0.45312500
vn 0.00000000 1.00000000 0.00000000
f 763/763/763 764/764/764 765/765/765
v 0.32031250 0.33124995 0.40312499
vt 0.95898438 0.45703125
vn 0.00000000 1.00000000 0.00000000
v 0.92968750 0.33124995 0.40312499
vt 0.99804688 0.45703125
vn 0.00000000 1.00000000 0.00000000
v 0.92968750 0.33124995 0.33125001
vt 0.99804688 0.45312500
vn 0.00000000 1.00000000 0.00000000
f 766/766/766 767/767/767 768/768/768
v 0.32031250 0.28437495 0.40312499
vt 0.00195312 0.46289062
vn 0.00000000 -1.00000000 0.00000000
v 0.32031250 0.28437495 0.33125001
vt 0.00195312 0.46679688
vn 0.00000000 -1.00000000 0.00000000
v 0.92968750 0.28437495 0.40312499
vt 0.04101562 0.46289062
vn 0.00000000 -1.00000000 0.00000000
f 769/769/769 770/770/770 771/771/771
v 0.32031250 0.28437495 0.33125001
vt 0.00195312 0.46679688
vn 0.00000000 -1.00000000 0.00000000
v 0.92968750 0.28437495 0.33125001
vt 0.04101562 0.46679688
vn 0.00000000 -1.00000000 0.00000000
v 0.92968750 0.28437495 0.40312499
vt 0.04101562 0.46289062
vn 0.00000000 -1.00000000 0.00000000
f 772/772/772 773/773/773 774/774/774
usemtl token
v 0.32031250 0.33124995 0.40312499
vt 0.93750000 0.37500000
vn 0.00000000 0.00000000 1.00000000
v 0.32031250 0.28437495 0.40312499
vt 0.93750000 0.43750000
vn 0.00000000 0.00000000 1.00000000
v 0.92968750 0.33124995 0.40312499
vt 0.12500000 0.37500000
vn 0.00000000 0.00000000 1.00000000
f 775/775/775 776/776/776 777/777/777
v 0.32031250 0.28437495 0.40312499
vt 0.93750000 0.43750000
vn 0.00000000 0.00000000 1.00000000
v 0.92968750 0.28437495 0.40312499
vt 0.12500000 0.43750000
vn 0.00000000 0.00000000 1.00000000
v 0.92968750 0.33124995 0.40312499
vt 0.12500000 0.37500000
vn 0.00000000 0.00000000 1.00000000
f 778/778/778 779/779/779 780/780/780
v 0.92968750 0.33124995 0.33125001
vt 0.12500000 0.37500000
vn 0.00000000 0.00000000 -1.00000000
v 0.92968750 0.28437495 0.33125001
vt 0.12500000 0.43750000
vn 0.00000000 0.00000000 -1.00000000
v 0.32031250 0.33124995 0.33125001
vt 0.93750000 0.37500000
vn 0.00000000 0.00000000 -1.00000000
f 781/781/781 782/782/782 783/783/783
v 0.92968750 0.28437495 0.33125001
vt 0.12500000 0.43750000
vn 0.00000000 0.00000000 -1.00000000
v 0.32031250 0.28437495 0.33125001
vt 0.93750000 0.43750000
vn 0.00000000 0.00000000 -1.00000000
v 0.32031250 0.33124995 0.33125001
vt 0.93750000 0.37500000
vn 0.00000000 0.00000000 -1.00000000
f 784/784/784 785/785/785 786/786/786
usemtl stone
v 0.92968750 0.28437495 0.40312499
vt 0.38476562 0.47070312
vn 1.00000000 0.00000000 0.00000000
v 0.92968750 0.23749995 0.40312499
vt 0.38476562 0.47460938
vn 1.00000000 0.00000000 0.00000000
v 0.92968750 0.28437495 0.33125001
vt 0.38867188 0.47070312
vn 1.00000000 0.00000000 0.00000000
f 787/787/787 788/788/788 789/789/789
v 0.92968750 0.23749995 0.40312499
vt 0.38476562 0.47460938
vn 1.00000000 0.00000000 0.00000000
v 0.92968750 0.23749995 0.33125001
vt 0.38867188 0.47460938
vn 1.00000000 0.00000000 0.00000000
v 0.92968750 0.28437495 0.33125001
vt 0.38867188 0.47070312
vn 1.00000000 0.00000000 0.00000000
f 790/790/790 791/791/791 792/792/792
v 0.32031250 0.28437495 0.33125001
vt 0.39257812 0.47070312
vn -1.00000000 0.00000000 0.00000000
v 0.32031250 0.23749995 0.33125001
vt 0.39257812 0.47460938
vn -1.00000000 0.00000000 0.00000000
v 0.32031250 0.28437495 0.40312499
vt 0.39648438 0.47070312
vn -1.00000000 0.00000000 0.00000000
f 793/793/793 794/794/794 795/795/795
v 0.32031250 0.23749995 0.33125001
vt 0.39257812 0.47460938
vn -1.00000000 0.00000000 0.00000000
v 0.32031250 0.23749995 0.40312499
vt 0.39648438 0.47460938
vn -1.00000000 0.00000000 0.00000000
v 0.32031250 0.28437495 0.40312499
vt 0.39648438 0.47070312
vn -1.00000000 0.00000000 0.00000000
f 796/796/796 797/797/797 798/798/798
v 0.32031250 0.28437495 0.33125001
vt 0.04492188 0.46289062
vn 0.00000000 1.00000000 0.00000000
v 0.32031250 0.28437495 0.40312499
vt 0.04492188 0.46679688
vn 0.00000000 1.00000000 0.00000000
v 0.92968750 0.28437495 0.33125001
vt 0.08398438 0.46289062
vn 0.00000000 1.00000000 0.00000000
f 799/799/799 800/800/800 801/801/801
v 0.32031250 0.28437495 0.40312499
vt 0.04492188 0.46679688
vn 0.00000000 1.00000000 0.00000000
v 0.92968750 0.28437495 0.40312499
vt 0.08398438 0.46679688
vn 0.00000000 1.00000000 0.00000000
v 0.92968750 0.28437495 0.33125001
vt 0.08398438 0.46289062
vn 0.00000000 1.00000000 0.00000000
f 802/802/802 803/803/803 804/804/804
v 0.32031250 0.23749995 0.40312499
vt 0.08789062 0.46289062
vn 0.00000000 -1.00000000 0.00000000
v 0.32031250 0.23749995 0.33125001
vt 0.08789062 0.46679688
vn 0.00000000 -1.00000000 0.00000000
v 0.92968750 0.23749995 0.40312499
vt 0.12695312 0.46289062
vn 0.00000000 -1.00000000 0.00000000
f 805/805/805 806/806/806 807/807/807
v 0.32031250 0.23749995 0.33125001
vt 0.08789062 0.46679688
vn 0.00000000 -1.00000000 0.00000000
v 0.92968750 0.23749995 0.33125001
vt 0.12695312 0.46679688
vn 0.00000000 -1.00000000 0.00000000
v 0.92968750 0.23749995 0.40312499
vt 0.12695312 0.46289062
vn 0.00000000 -1.00000000 0.00000000
f 808/808/808 809/809/809 810/810/810
usemtl token
v 0.32031250 0.28437495 0.40312499
vt 0.93750000 0.43750000
vn 0.00000000 0.00000000 1.00000000
v 0.32031250 0.23749995 0.40312499
vt 0.93750000 0.50000000
vn 0.00000000 0.00000000 1.00000000
v 0.92968750 0.28437495 0.40312499
vt 0.12500000 0.43750000
vn 0.00000000 0.00000000 1.00000000
f 811/811/811 812/812/812 813/813/813
v 0.32031250 0.23749995 0.40312499
vt 0.93750000 0.50000000
vn 0.00000000 0.00000000 1.00000000
v 0.92968750 0.23749995 0.40312499
vt 0.12500000 0.50000000
vn 0.00000000 0.00000000 1.00000000
v 0.92968750 0.28437495 0.40312499
vt 0.12500000 0.43750000
vn 0.00000000 0.00000000 1.00000000
f 814/814/814 815/815/815 816/816/816
v 0.92968750 0.28437495 0.33125001
vt 0.12500000 0.43750000
vn 0.00000000 0.00000000 -1.00000000
v 0.92968750 0.23749995 0.33125001
vt 0.12500000 0.50000000
vn 0.00000000 0.00000000 -1.00000000
v 0.32031250 0.28437495 0.33125001
vt 0.93750000 0.43750000
vn 0.00000000 0.00000000 -1.00000000
f 817/817/817 818/818/818 819/819/819
v 0.92968750 0.23749995 0.33125001
vt 0.12500000 0.50000000
vn 0.00000000 0.00000000 -1.00000000
v 0.32031250 0.23749995 0.33125001
vt 0.93750000 0.50000000
vn 0.00000000 0.00000000 -1.00000000
v 0.32031250 0.28437495 0.33125001
vt 0.93750000 0.43750000
vn 0.00000000 0.00000000 -1.00000000
f 820/820/820 821/821/821 822/822/822
usemtl stone
v 0.92968750 0.23749995 0.40312499
vt 0.40039062 0.47070312
vn 1.00000000 0.00000000 0.00000000
v 0.92968750 0.19062495 0.40312499
vt 0.40039062 0.47460938
vn 1.00000000 0.00000000 0.00000000
v 0.92968750 0.23749995 0.33125001
vt 0.40429688 0.47070312
vn 1.00000000 0.00000000 0.00000000
f 823/823/823 824/824/824 825/825/825
v 0.92968750 0.19062495 0.40312499
vt 0.40039062 0.47460938
vn 1.00000000 0.00000000 0.00000000
v 0.92968750 0.19062495 0.33125001
vt 0.40429688 0.47460938
vn 1.00000000 0.00000000 0.00000000
v 0.92968750 0.23749995 0.33125001
vt 0.40429688 0.47070312
vn 1.00000000 0.00000000 0.00000000
f 826/826/826 827/827/827 828/828/828
v 0.32031250 0.23749995 0.33125001
vt 0.40820312 0.47070312
vn -1.00000000 0.00000000 0.00000000
v 0.32031250 0.19062495 0.33125001
vt 0.40820312 0.47460938
vn -1.00000000 0.00000000 0.00000000
v 0.32031250 0.23749995 0.40312499
vt 0.41210938 0.47070312
vn -1.00000000 0.00000000 0.00000000
f 829/829/829 830/830/830 831/831/831
v 0.32031250 0.19062495 0.33125001
vt 0.40820312 0.47460938
vn -1.00000000 0.00000000 0.00000000
v 0.32031250 0.19062495 0.40312499
vt 0.41210938 0.47460938
vn -1.00000000 0.00000000 0.00000000
v 0.32031250 0.23749995 0.40312499
vt 0.41210938 0.47070312
vn -1.00000000 0.00000000 0.00000000
f 832/832/832 833/833/833 834/834/834
v 0.32031250 0.23749995 0.33125001
vt 0.13085938 0.46289062
vn 0.00000000 1.00000000 0.00000000
v 0.32031250 0.23749995 0.40312499
vt 0.13085938 0.46679688
vn 0.00000000 1.00000000 0.00000000
v 0.92968750 0.23749995 0.33125001
vt 0.16992188 0.46289062
vn 0.00000000 1.00000000 0.00000000
f 835/835/835 836/836/836 837/837/837
v 0.32031250 0.23749995 0.40312499
vt 0.13085938 0.46679688
vn 0.00000000 1.00000000 0.00000000
v 0.92968750 0.23749995 0.40312499
vt 0.16992188 0.46679688
vn 0.00000000 1.00000000 0.00000000
v 0.92968750 0.23749995 0.33125001
vt 0.16992188 0.46289062
vn 0.00000000 1.00000000 0.00000000
f 838/838/838 839/839/839 840/840/840
v 0.32031250 0.19062495 0.40312499
vt 0.17382812 0.46289062
vn 0.00000000 -1.00000000 0.00000000
v 0.32031250 0.19062495 0.33125001
vt 0.17382812 0.46679688
vn 0.00000000 -1.00000000 0.00000000
v 0.92968750 0.19062495 0.40312499
vt 0.21289062 0.46289062
vn 0.00000000 -1.00000000 0.00000000
f 841/841/841 842/842/842 843/843/843
v 0.32031250 0.19062495 0.33125001
vt 0.17382812 0.46679688
vn 0.00000000 -1.00000000 0.00000000
v 0.92968750 0.19062495 0.33125001
vt 0.21289062 0.46679688
vn 0.00000000 -1.00000000 0.00000000
v 0.92968750 0.19062495 0.40312499
vt 0.21289062 0.46289062
vn 0.00000000 -1.00000000 0.00000000
f 844/844/844 845/845/845 846/846/846
usemtl token
v 0.32031250 0.23749995 0.40312499
vt 0.93750000 0.50000000
vn 0.00000000 0.00000000 1.00000000
v 0.32031250 0.19062495 0.40312499
vt 0.93750000 0.56250000
vn 0.00000000 0.00000000 1.00000000
v 0.92968750 0.23749995 0.40312499
vt 0.12500000 0.50000000
vn 0.00000000 0.00000000 1.00000000
f 847/847/847 848/848/848 849/849/849
v 0.32031250 0.19062495 0.40312499
vt 0.93750000 0.56250000
vn 0.00000000 0.00000000 1.00000000
v 0.92968750 0.19062495 0.40312499
vt 0.12500000 0.56250000
vn 0.00000000 0.00000000 1.00000000
v 0.92968750 0.23749995 0.40312499
vt 0.12500000 0.50000000
vn 0.00000000 0.00000000 1.00000000
f 850/850/850 851/851/851 852/852/852
v 0.92968750 0.23749995 0.33125001
vt 0.12500000 0.50000000
vn 0.00000000 0.00000000 -1.00000000
v 0.92968750 0.19062495 0.33125001
vt 0.12500000 0.56250000
vn 0.00000000 0.00000000 -1.00000000
v 0.32031250 0.23749995 0.33125001
vt 0.93750000 0.50000000
vn 0.00000000 0.00000000 -1.00000000
f 853/853/853 854/854/854 855/855/855
v 0.92968750 0.19062495 0.33125001
vt 0.12500000 0.56250000
vn 0.00000000 0.00000000 -1.00000000
v 0.32031250 0.19062495 0.33125001
vt 0.93750000 0.56250000
vn 0.00000000 0.00000000 -1.00000000
v 0.32031250 0.23749995 0.33125001
vt 0.93750000 0.50000000
vn 0.00000000 0.00000000 -1.00000000
f 856/856/856 857/857/857 858/858/858
usemtl stone
v 0.92968750 0.19062495 0.40312499
vt 0.41601562 0.47070312
vn 1.00000000 0.00000000 0.00000000
v 0.92968750 0.14374995 0.40312499
vt 0.41601562 0.47460938
vn 1.00000000 0.00000000 0.00000000
v 0.92968750 0.19062495 0.33125001
vt 0.41992188 0.47070312
vn 1.00000000 0.00000000 0.00000000
f 859/859/859 860/860/860 861/861/861
v 0.92968750 0.14374995 0.40312499
vt 0.41601562 0.47460938
vn 1.00000000 0.00000000 0.00000000
v 0.92968750 0.14374995 0.33125001
vt 0.41992188 0.47460938
vn 1.00000000 0.00000000 0.00000000
v 0.92968750 0.19062495 0.33125001
vt 0.41992188 0.47070312
vn 1.00000000 0.00000000 0.00000000
f 862/862/862 863/863/863 864/864/864
v 0.32031250 0.19062495 0.33125001
vt 0.42382812 0.47070312
vn -1.00000000 0.00000000 0.00000000
v 0.32031250 0.14374995 0.33125001
vt 0.42382812 0.47460938
vn -1.00000000 0.00000000 0.00000000
v 0.32031250 0.19062495 0.40312499
vt 0.42773438 0.47070312
vn -1.00000000 0.00000000 0.00000000
f 865/865/865 866/866/866 867/867/867
v 0.32031250 0.14374995 0.33125001
vt 0.42382812 0.47460938
vn -1.00000000 0.00000000 0.00000000
v 0.32031250 0.14374995 0.40312499
vt 0.42773438 0.47460938
vn -1.00000000 0.00000000 0.00000000
v 0.32031250 0.19062495 0.40312499
vt 0.42773438 0.47070312
vn -1.00000000 0.00000000 0.00000000
f 868/868/868 869/869/869 870/870/870
v 0.32031250 0.19062495 0.33125001
vt 0.21679688 0.46289062
vn 0.00000000 1.00000000 0.00000000
v 0.32031250 0.19062495 0.40312499
vt 0.21679688 0.46679688
vn 0.00000000 1.00000000 0.00000000
v 0.92968750 0.19062495 0.33125001
vt 0.25585938 0.46289062
vn 0.00000000 1.00000000 0.00000000
f 871/871/871 872/872/872 873/873/873
v 0.32031250 0.19062495 0.40312499
vt 0.21679688 0.46679688
vn 0.00000000 1.00000000 0.00000000
v 0.92968750 0.19062495 0.40312499
vt 0.25585938 0.46679688
vn 0.00000000 1.00000000 0.00000000
v 0.92968750 0.19062495 0.33125001
vt 0.25585938 0.46289062
vn 0.00000000 1.00000000 0.00000000
f 874/874/874 875/875/875 876/876/876
v 0.32031250 0.14374995 0.40312499
vt 0.25976562 0.46289062
vn 0.00000000 -1.00000000 0.00000000
v 0.32031250 0.14374995 0.33125001
vt 0.25976562 0.46679688
vn 0.00000000 -1.00000000 0.00000000
v 0.92968750 0.14374995 0.40312499
vt 0.29882812 0.46289062
vn 0.00000000 -1.00000000 0.00000000
f 877/877/877 878/878/878 879/879/879
v 0.32031250 0.14374995 0.33125001
vt 0.25976562 0.46679688
vn 0.00000000 -1.00000000 0.00000000
v 0.92968750 0.14374995 0.33125001
vt 0.29882812 0.46679688
vn 0.00000000 -1.00000000 0.00000000
v 0.92968750 0.14374995 0.40312499
vt 0.29882812 0.46289062
vn 0.00000000 -1.00000000 0.00000000
f 880/880/880 881/881/881 882/882/882
usemtl token
v 0.32031250 0.19062495 0.40312499
vt 0.93750000 0.56250000
vn 0.00000000 0.00000000 1.00000000
v 0.32031250 0.14374995 0.40312499
vt 0.93750000 0.62500000
vn 0.00000000 0.00000000 1.00000000
v 0.92968750 0.19062495 0.40312499
vt 0.12500000 0.56250000
vn 0.00000000 0.00000000 1.00000000
f 883/883/883 884/884/884 885/885/885
v 0.32031250 0.14374995 0.40312499
vt 0.93750000 0.62500000
vn 0.00000000 0.00000000 1.00000000
v 0.92968750 0.14374995 0.40312499
vt 0.12500000 0.62500000
vn 0.00000000 0.00000000 1.00000000
v 0.92968750 0.19062495 0.40312499
vt 0.12500000 0.56250000
vn 0.00000000 0.00000000 1.00000000
f 886/886/886 887/887/887 888/888/888
v 0.92968750 0.19062495 0.33125001
vt 0.12500000 0.56250000
vn 0.00000000 0.00000000 -1.00000000
v 0.92968750 0.14374995 0.33125001
vt 0.12500000 0.62500000
vn 0.00000000 0.00000000 -1.00000000
v 0.32031250 0.19062495 0.33125001
vt 0.93750000 0.56250000
vn 0.00000000 0.00000000 -1.00000000
f 889/889/889 890/890/890 891/891/891
v 0.92968750 0.14374995 0.33125001
vt 0.12500000 0.62500000
vn 0.00000000 0.00000000 -1.00000000
v 0.32031250 0.14374995 0.33125001
vt 0.93750000 0.62500000
vn 0.00000000 0.00000000 -1.00000000
v 0.32031250 0.19062495 0.33125001
vt 0.93750000 0.56250000
vn 0.00000000 0.00000000 -1.00000000
f 892/892/892 893/893/893 894/894/894
usemtl stone
v 0.92968750 0.14374995 0.40312499
vt 0.43164062 0.47070312
vn 1.00000000 0.00000000 0.00000000
v 0.92968750 0.09687495 0.40312499
vt 0.43164062 0.47460938
vn 1.00000000 0.00000000 0.00000000
v 0.92968750 0.14374995 0.33125001
vt 0.43554688 0.47070312
vn 1.00000000 0.00000000 0.00000000
f 895/895/895 896/896/896 897/897/897
v 0.92968750 0.09687495 0.40312499
vt 0.43164062 0.47460938
vn 1.00000000 0.00000000 0.00000000
v 0.92968750 0.09687495 0.33125001
vt 0.43554688 0.47460938
vn 1.00000000 0.00000000 0.00000000
v 0.92968750 0.14374995 0.33125001
vt 0.43554688 0.47070312
vn 1.00000000 0.00000000 0.00000000
f 898/898/898 899/899/899 900/900/900
v 0.32031250 0.14374995 0.33125001
vt 0.43945312 0.47070312
vn -1.00000000 0.00000000 0.00000000
v 0.32031250 0.09687495 0.33125001
vt 0.43945312 0.47460938
vn -1.00000000 0.00000000 0.00000000
v 0.32031250 0.14374995 0.40312499
vt 0.44335938 0.47070312
vn -1.00000000 0.00000000 0.00000000
f 901/901/901 902/902/902 903/903/903
v 0.32031250 0.09687495 0.33125001
vt 0.43945312 0.47460938
vn -1.00000000 0.00000000 0.00000000
v 0.32031250 0.09687495 0.40312499
vt 0.44335938 0.47460938
vn -1.00000000 0.00000000 0.00000000
v 0.32031250 0.14374995 0.40312499
vt 0.44335938 0.47070312
vn -1.00000000 0.00000000 0.00000000
f 904/904/904 905/905/905 906/906/906
v 0.32031250 0.14374995 0.33125001
vt 0.30273438 0.46289062
vn 0.00000000 1.00000000 0.00000000
v 0.32031250 0.14374995 0.40312499
vt 0.30273438 0.46679688
vn 0.00000000 1.00000000 0.00000000
v 0.92968750 0.14374995 0.33125001
vt 0.34179688 0.46289062
vn 0.00000000 1.00000000 0.00000000
f 907/907/907 908/908/908 909/909/909
v 0.32031250 0.14374995 0.40312499
vt 0.30273438 0.46679688
vn 0.00000000 1.00000000 0.00000000
v 0.92968750 0.14374995 0.40312499
vt 0.34179688 0.46679688
vn 0.00000000 1.00000000 0.00000000
v 0.92968750 0.14374995 0.33125001
vt 0.34179688 0.46289062
vn 0.00000000 1.00000000 0.00000000
f 910/910/910 911/911/911 912/912/912
v 0.32031250 0.09687495 0.40312499
vt 0.34570312 0.46289062
vn 0.00000000 -1.00000000 0.00000000
v 0.32031250 0.09687495 0.33125001
vt 0.34570312 0.46679688
vn 0.00000000 -1.00000000 0.00000000
v 0.92968750 0.09687495 0.40312499
vt 0.38476562 0.46289062
vn 0.00000000 -1.00000000 0.00000000
f 913/913/913 914/914/914 915/915/915
v 0.32031250 0.09687495 0.33125001
vt 0.34570312 0.46679688
vn 0.00000000 -1.00000000 0.00000000
v 0.92968750 0.09687495 0.33125001
vt 0.38476562 0.46679688
vn 0.00000000 -1.00000000 0.00000000
v 0.92968750 0.09687495 0.40312499
vt 0.38476562 0.46289062
vn 0.00000000 -1.00000000 0.00000000
f 916/916/916 917/917/917 918/918/918
usemtl token
v 0.32031250 0.14374995 0.40312499
vt 0.93750000 0.62500000
vn 0.00000000 0.00000000 1.00000000
v 0.32031250 0.09687495 0.40312499
vt 0.93750000 0.68750000
vn 0.00000000 0.00000000 1.00000000
v 0.92968750 0.14374995 0.40312499
vt 0.12500000 0.62500000
vn 0.00000000 0.00000000 1.00000000
f 919/919/919 920/920/920 921/921/921
v 0.32031250 0.09687495 0.40312499
vt 0.93750000 0.68750000
vn 0.00000000 0.00000000 1.00000000
v 0.92968750 0.09687495 0.40312499
vt 0.12500000 0.68750000
vn 0.00000000 0.00000000 1.00000000
v 0.92968750 0.14374995 0.40312499
vt 0.12500000 0.62500000
vn 0.00000000 0.00000000 1.00000000
f 922/922/922 923/923/923 924/924/924
v 0.92968750 0.14374995 0.33125001
vt 0.12500000 0.62500000
vn 0.00000000 0.00000000 -1.00000000
v 0.92968750 0.09687495 0.33125001
vt 0.12500000 0.68750000
vn 0.00000000 0.00000000 -1.00000000
v 0.32031250 0.14374995 0.33125001
vt 0.93750000 0.62500000
vn 0.00000000 0.00000000 -1.00000000
f 925/925/925 926/926/926 927/927/927
v 0.92968750 0.09687495 0.33125001
vt 0.12500000 0.68750000
vn 0.00000000 0.00000000 -1.00000000
v 0.32031250 0.09687495 0.33125001
vt 0.93750000 0.68750000
vn 0.00000000 0.00000000 -1.00000000
v 0.32031250 0.14374995 0.33125001
vt 0.93750000 0.62500000
vn 0.00000000 0.00000000 -1.00000000
f 928/928/928 929/929/929 930/930/930
usemtl stone
v 0.88281250 0.09687495 0.40312499
vt 0.44726562 0.47070312
vn 1.00000000 0.00000000 0.00000000
v 0.88281250 0.04999995 0.40312499
vt 0.44726562 0.47460938
vn 1.00000000 0.00000000 0.00000000
v 0.88281250 0.09687495 0.33125001
vt 0.45117188 0.47070312
vn 1.00000000 0.00000000 0.00000000
f 931/931/931 932/932/932 933/933/933
v 0.88281250 0.04999995 0.40312499
vt 0.44726562 0.47460938
vn 1.00000000 0.00000000 0.00000000
v 0.88281250 0.04999995 0.33125001
vt 0.45117188 0.47460938
vn 1.00000000 0.00000000 0.00000000
v 0.88281250 0.09687495 0.33125001
vt 0.45117188 0.47070312
vn 1.00000000 0.00000000 0.00000000
f 934/934/934 935/935/935 936/936/936
v 0.36718750 0.09687495 0.33125001
vt 0.45507812 0.47070312
vn -1.00000000 0.00000000 0.00000000
v 0.36718750 0.04999995 0.33125001
vt 0.45507812 0.47460938
vn -1.00000000 0.00000000 0.00000000
v 0.36718750 0.09687495 0.40312499
vt 0.45898438 0.47070312
vn -1.00000000 0.00000000 0.00000000
f 937/937/937 938/938/938 939/939/939
v 0.36718750 0.04999995 0.33125001
vt 0.45507812 0.47460938
vn -1.00000000 0.00000000 0.00000000
v 0.36718750 0.04999995 0.40312499
vt 0.45898438 0.47460938
vn -1.00000000 0.00000000 0.00000000
v 0.36718750 0.09687495 0.40312499
vt 0.45898438 0.47070312
vn -1.00000000 0.00000000 0.00000000
f 940/940/940 941/941/941 942/942/942
v 0.36718750 0.09687495 0.33125001
vt 0.52929688 0.46289062
vn 0.00000000 1.00000000 0.00000000
v 0.36718750 0.09687495 0.40312499
vt 0.52929688 0.46679688
vn 0.00000000 1.00000000 0.00000000
v 0.88281250 0.09687495 0.33125001
vt 0.56054688 0.46289062
vn 0.00000000 1.00000000 0.00000000
f 943/943/943 944/944/944 945/945/945
v 0.36718750 0.09687495 0.40312499
vt 0.52929688 0.46679688
vn 0.00000000 1.00000000 0.00000000
v 0.88281250 0.09687495 0.40312499
vt 0.56054688 0.46679688
vn 0.00000000 1.00000000 0.00000000
v 0.88281250 0.09687495 0.33125001
vt 0.56054688 0.46289062
vn 0.00000000 1.00000000 0.00000000
f 946/946/946 947/947/947 948/948/948
v 0.36718750 0.04999995 0.40312499
vt 0.56445312 0.46289062
vn 0.00000000 -1.00000000 0.00000000
v 0.36718750 0.04999995 0.33125001
vt 0.56445312 0.46679688
vn 0.00000000 -1.00000000 0.00000000
v 0.88281250 0.04999995 0.40312499
vt 0.59570312 0.46289062
vn 0.00000000 -1.00000000 0.00000000
f 949/949/949 950/950/950 951/951/951
v 0.36718750 0.04999995 0.33125001
vt 0.56445312 0.46679688
vn 0.00000000 -1.00000000 0.00000000
v 0.88281250 0.04999995 0.33125001
vt 0.59570312 0.46679688
vn 0.00000000 -1.00000000 0.00000000
v 0.88281250 0.04999995 0.40312499
vt 0.59570312 0.46289062
vn 0.00000000 -1.00000000 0.00000000
f 952/952/952 953/953/953 954/954/954
usemtl token
v 0.36718750 0.09687495 0.40312499
vt 0.87500000 0.68750000
vn 0.00000000 0.00000000 1.00000000
v 0.36718750 0.04999995 0.40312499
vt 0.87500000 0.75000000
vn 0.00000000 0.00000000 1.00000000
v 0.88281250 0.09687495 0.40312499
vt 0.18750000 0.68750000
vn 0.00000000 0.00000000 1.00000000
f 955/955/955 956/956/956 957/957/957
v 0.36718750 0.04999995 0.40312499
vt 0.87500000 0.75000000
vn 0.00000000 0.00000000 1.00000000
v 0.88281250 0.04999995 0.40312499
vt 0.18750000 0.75000000
vn 0.00000000 0.00000000 1.00000000
v 0.88281250 0.09687495 0.40312499
vt 0.18750000 0.68750000
vn 0.00000000 0.00000000 1.00000000
f 958/958/958 959/959/959 960/960/960
v 0.88281250 0.09687495 0.33125001
vt 0.18750000 0.68750000
vn 0.00000000 0.00000000 -1.00000000
v 0.88281250 0.04999995 0.33125001
vt 0.18750000 0.75000000
vn 0.00000000 0.00000000 -1.00000000
v 0.36718750 0.09687495 0.33125001
vt 0.87500000 0.68750000
vn 0.00000000 0.00000000 -1.00000000
f 961/961/961 962/962/962 963/963/963
v 0.88281250 0.04999995 0.33125001
vt 0.18750000 0.75000000
vn 0.00000000 0.00000000 -1.00000000
v 0.36718750 0.04999995 0.33125001
vt 0.87500000 0.75000000
vn 0.00000000 0.00000000 -1.00000000
v 0.36718750 0.09687495 0.33125001
vt 0.87500000 0.68750000
vn 0.00000000 0.00000000 -1.00000000
f 964/964/964 965/965/965 966/966/966
usemtl stone
v 0.88281250 0.04999995 0.40312499
vt 0.46289062 0.47070312
vn 1.00000000 0.00000000 0.00000000
v 0.88281250 0.00312495 0.40312499
vt 0.46289062 0.47460938
vn 1.00000000 0.00000000 0.00000000
v 0.88281250 0.04999995 0.33125001
vt 0.46679688 0.47070312
vn 1.00000000 0.00000000 0.00000000
f 967/967/967 968/968/968 969/969/969
v 0.88281250 0.00312495 0.40312499
vt 0.46289062 0.47460938
vn 1.00000000 0.00000000 0.00000000
v 0.88281250 0.00312495 0.33125001
vt 0.46679688 0.47460938
vn 1.00000000 0.00000000 0.00000000
v 0.88281250 0.04999995 0.33125001
vt 0.46679688 0.47070312
vn 1.00000000 0.00000000 0.00000000
f 970/970/970 971/971/971 972/972/972
v 0.36718750 0.04999995 0.33125001
vt 0.47070312 0.47070312
vn -1.00000000 0.00000000 0.00000000
v 0.36718750 0.00312495 0.33125001
vt 0.47070312 0.47460938
vn -1.00000000 0.00000000 0.00000000
v 0.36718750 0.04999995 0.40312499
vt 0.47460938 0.47070312
vn -1.00000000 0.00000000 0.00000000
f 973/973/973 974/974/974 975/975/975
v 0.36718750 0.00312495 0.33125001
vt 0.47070312 0.47460938
vn -1.00000000 0.00000000 0.00000000
v 0.36718750 0.00312495 0.40312499
vt 0.47460938 0.47460938
vn -1.00000000 0.00000000 0.00000000
v 0.36718750 0.04999995 0.40312499
vt 0.47460938 0.47070312
vn -1.00000000 0.00000000 0.00000000
f 976/976/976 977/977/977 978/978/978
v 0.36718750 0.04999995 0.33125001
vt 0.59960938 0.46289062
vn 0.00000000 1.00000000 0.00000000
v 0.36718750 0.04999995 0.40312499
vt 0.59960938 0.46679688
vn 0.00000000 1.00000000 0.00000000
v 0.88281250 0.04999995 0.33125001
vt 0.63085938 0.46289062
vn 0.00000000 1.00000000 0.00000000
f 979/979/979 980/980/980 981/981/981
v 0.36718750 0.04999995 0.40312499
vt 0.59960938 0.46679688
vn 0.00000000 1.00000000 0.00000000
v 0.88281250 0.04999995 0.40312499
vt 0.63085938 0.46679688
vn 0.00000000 1.00000000 0.00000000
v 0.88281250 0.04999995 0.33125001
vt 0.63085938 0.46289062
vn 0.00000000 1.00000000 0.00000000
f 982/982/982 983/983/983 984/984/984
v 0.36718750 0.00312495 0.40312499
vt 0.63476562 0.46289062
vn 0.00000000 -1.00000000 0.00000000
v 0.36718750 0.00312495 0.33125001
vt 0.63476562 0.46679688
vn 0.00000000 -1.00000000 0.00000000
v 0.88281250 0.00312495 0.40312499
vt 0.66601562 0.46289062
vn 0.00000000 -1.00000000 0.00000000
f 985/985/985 986/986/986 987/987/987
v 0.36718750 0.00312495 0.33125001
vt 0.63476562 0.46679688
vn 0.00000000 -1.00000000 0.00000000
v 0.88281250 0.00312495 0.33125001
vt 0.66601562 0.46679688
vn 0.00000000 -1.00000000 0.00000000
v 0.88281250 0.00312495 0.40312499
vt 0.66601562 0.46289062
vn 0.00000000 -1.00000000 0.00000000
f 988/988/988 989/989/989 990/990/990
usemtl token
v 0.36718750 0.04999995 0.40312499
vt 0.87500000 0.75000000
vn 0.00000000 0.00000000 1.00000000
v 0.36718750 0.00312495 0.40312499
vt 0.87500000 0.81250000
vn 0.00000000 0.00000000 1.00000000
v 0.88281250 0.04999995 0.40312499
vt 0.18750000 0.75000000
vn 0.00000000 0.00000000 1.00000000
f 991/991/991 992/992/992 993/993/993
v 0.36718750 0.00312495 0.40312499
vt 0.87500000 0.81250000
vn 0.00000000 0.00000000 1.00000000
v 0.88281250 0.00312495 0.40312499
vt 0.18750000 0.81250000
vn 0.00000000 0.00000000 1.00000000
v 0.88281250 0.04999995 0.40312499
vt 0.18750000 0.75000000
vn 0.00000000 0.00000000 1.00000000
f 994/994/994 995/995/995 996/996/996
v 0.88281250 0.04999995 0.33125001
vt 0.18750000 0.75000000
vn 0.00000000 0.00000000 -1.00000000
v 0.88281250 0.00312495 0.33125001
vt 0.18750000 0.81250000
vn 0.00000000 0.00000000 -1.00000000
v 0.36718750 0.04999995 0.33125001
vt 0.87500000 0.75000000
vn 0.00000000 0.00000000 -1.00000000
f 997/997/997 998/998/998 999/999/999
v 0.88281250 0.00312495 0.33125001
vt 0.18750000 0.81250000
vn 0.00000000 0.00000000 -1.00000000
v 0.36718750 0.00312495 0.33125001
vt 0.87500000 0.81250000
vn 0.00000000 0.00000000 -1.00000000
v 0.36718750 0.04999995 0.33125001
vt 0.87500000 0.75000000
vn 0.00000000 0.00000000 -1.00000000
f 1000/1000/1000 1001/1001/1001 1002/1002/1002
usemtl stone
v 0.83593750 0.00312495 0.40312499
vt 0.72851562 0.47851562
vn 1.00000000 0.00000000 0.00000000
v 0.83593750 0.00000000 0.40312499
vt 0.72851562 0.47864583
vn 1.00000000 0.00000000 0.00000000
v 0.83593750 0.00000000 0.33604160
vt 0.73216146 0.47864583
vn 1.00000000 0.00000000 0.00000000
f 1003/1003/1003 1004/1004/1004 1005/1005/1005
v 0.83593750 0.00312495 0.40312499
vt 0.72851562 0.47851562
vn 1.00000000 0.00000000 0.00000000
v 0.83593750 0.00000000 0.33604160
vt 0.73216146 0.47864583
vn 1.00000000 0.00000000 0.00000000
v 0.83593750 0.00312495 0.33125001
vt 0.73242188 0.47851562
vn 1.00000000 0.00000000 0.00000000
f 1006/1006/1006 1007/1007/1007 1008/1008/1008
v 0.83593750 0.00000000 0.33125001
vt 0.73242188 0.47864583
vn 1.00000000 0.00000000 0.00000000
v 0.83593750 0.00312495 0.33125001
vt 0.73242188 0.47851562
vn 1.00000000 0.00000000 0.00000000
v 0.83593750 0.00000000 0.33604160
vt 0.73216146 0.47864583
vn 1.00000000 0.00000000 0.00000000
f 1009/1009/1009 1010/1010/1010 1011/1011/1011
v 0.41406250 0.00312495 0.33125001
vt 0.73632812 0.47851562
vn -1.00000000 0.00000000 0.00000000
v 0.41406250 0.00000000 0.33125001
vt 0.73632812 0.47864583
vn -1.00000000 0.00000000 0.00000000
v 0.41406250 0.00000000 0.39833340
vt 0.73997396 0.47864583
vn -1.00000000 0.00000000 0.00000000
f 1012/1012/1012 1013/1013/1013 1014/1014/1014
v 0.41406250 0.00312495 0.33125001
vt 0.73632812 0.47851562
vn -1.00000000 0.00000000 0.00000000
v 0.41406250 0.00000000 0.39833340
vt 0.73997396 0.47864583
vn -1.00000000 0.00000000 0.00000000
v 0.41406250 0.00312495 0.40312499
vt 0.74023438 0.47851562
vn -1.00000000 0.00000000 0.00000000
f 1015/1015/1015 1016/1016/1016 1017/1017/1017
v 0.41406250 0.00000000 0.40312499
vt 0.74023438 0.47864583
vn -1.00000000 0.00000000 0.00000000
v 0.41406250 0.00312495 0.40312499
vt 0.74023438 0.47851562
vn -1.00000000 0.00000000 0.00000000
v 0.41406250 0.00000000 0.39833340
vt 0.73997396 0.47864583
vn -1.00000000 0.00000000 0.00000000
f 1018/1018/1018 1019/1019/1019 1020/1020/1020
v 0.41406250 0.00312495 0.33125001
vt 0.73242188 0.46289062
vn 0.00000000 1.00000000 0.00000000
v 0.41406250 0.00312495 0.40312499
vt 0.73242188 0.46679688
vn 0.00000000 1.00000000 0.00000000
v 0.83593750 0.00312495 0.33125001
vt 0.75976562 0.46289062
vn 0.00000000 1.00000000 0.00000000
f 1021/1021/1021 1022/1022/1022 1023/1023/1023
v 0.41406250 0.00312495 0.40312499
vt 0.73242188 0.46679688
vn 0.00000000 1.00000000 0.00000000
v 0.83593750 0.00312495 0.40312499
vt 0.75976562 0.46679688
vn 0.00000000 1.00000000 0.00000000
v 0.83593750 0.00312495 0.33125001
vt 0.75976562 0.46289062
vn 0.00000000 1.00000000 0.00000000
f 1024/1024/1024 1025/1025/1025 1026/1026/1026
usemtl token
v 0.41406250 0.00312495 0.40312499
vt 0.81250000 0.81250000
vn 0.00000000 0.00000000 1.00000000
v 0.41406250 0.00000000 0.40312499
vt 0.81250000 0.81666660
vn 0.00000000 0.00000000 1.00000000
v 0.80781293 0.00000000 0.40312499
vt 0.28749943 0.81666660
vn 0.00000000 0.00000000 1.00000000
f 1027/1027/1027 1028/1028/1028 1029/1029/1029
v 0.41406250 0.00312495 0.40312499
vt 0.81250000 0.81250000
vn 0.00000000 0.00000000 1.00000000
v 0.80781293 0.00000000 0.40312499
vt 0.28749943 0.81666660
vn 0.00000000 0.00000000 1.00000000
v 0.83593750 0.00312495 0.40312499
vt 0.25000000 0.81250000
vn 0.00000000 0.00000000 1.00000000
f 1030/1030/1030 1031/1031/1031 1032/1032/1032
v 0.83593750 0.00000000 0.40312499
vt 0.25000000 0.81666660
vn 0.00000000 0.00000000 1.00000000
v 0.83593750 0.00312495 0.40312499
vt 0.25000000 0.81250000
vn 0.00000000 0.00000000 1.00000000
v 0.80781293 0.00000000 0.40312499
vt 0.28749943 0.81666660
vn 0.00000000 0.00000000 1.00000000
f 1033/1033/1033 1034/1034/1034 1035/1035/1035
v 0.83593750 0.00312495 0.33125001
vt 0.25000000 0.81250000
vn 0.00000000 0.00000000 -1.00000000
v 0.83593750 0.00000000 0.33125001
vt 0.25000000 0.81666660
vn 0.00000000 0.00000000 -1.00000000
v 0.44218707 0.00000000 0.33125001
vt 0.77500057 0.81666660
vn 0.00000000 0.00000000 -1.00000000
f 1036/1036/1036 1037/1037/1037 1038/1038/1038
v 0.83593750 0.00312495 0.33125001
vt 0.25000000 0.81250000
vn 0.00000000 0.00000000 -1.00000000
v 0.44218707 0.00000000 0.33125001
vt 0.77500057 0.81666660
vn 0.00000000 0.00000000 -1.00000000
v 0.41406250 0.00312495 0.33125001
vt 0.81250000 0.81250000
vn 0.00000000 0.00000000 -1.00000000
f 1039/1039/1039 1040/1040/1040 1041/1041/1041
v 0.41406250 0.00000000 0.33125001
vt 0.81250000 0.81666660
vn 0.00000000 0.00000000 -1.00000000
v 0.41406250 0.00312495 0.33125001
vt 0.81250000 0.81250000
vn 0.00000000 0.00000000 -1.00000000
v 0.44218707 0.00000000 0.33125001
vt 0.77500057 0.81666660
vn 0.00000000 0.00000000 -1.00000000
f 1042/1042/1042 1043/1043/1043 1044/1044/1044
